tempC,windspeedKmph,humidity,precipMM
11,10,50,0.0
11,11,52,0.0
11,11,55,0.0
10,12,57,0.0
11,11,54,0.0
12,10,52,0.0
14,9,49,0.0
16,9,44,0.0
19,8,38,0.0
21,8,33,0.0
22,9,31,0.0
23,10,30,0.0
24,10,28,0.0
21,9,43,0.0
18,7,58,0.0
14,5,73,0.0
13,5,68,0.0
13,6,64,0.0
12,6,59,0.0
11,6,64,0.0
11,6,68,0.0
10,6,73,0.0
10,7,66,0.0
10,8,60,0.0
10,9,53,0.0
9,7,62,0.0
8,5,71,0.0
6,3,79,0.0
9,2,67,0.0
12,2,54,0.0
14,1,41,0.0
17,1,37,0.0
19,2,33,0.0
21,2,29,0.0
22,3,28,0.0
22,4,26,0.0
23,5,24,0.0
20,5,32,0.0
17,6,41,0.0
13,7,49,0.0
13,7,50,0.0
12,7,51,0.0
12,6,52,0.0
11,6,55,0.0
11,6,59,0.0
10,5,62,0.0
10,5,66,0.0
9,4,70,0.0
9,3,73,0.0
8,2,73,0.0
7,1,74,0.0
7,1,74,0.0
10,1,62,0.0
13,1,51,0.0
16,1,39,0.0
18,2,35,0.0
20,3,31,0.0
22,5,27,0.0
22,4,26,0.0
23,4,25,0.0
24,4,24,0.0
20,4,39,0.0
16,3,54,0.0
13,3,70,0.0
12,4,67,0.0
12,5,64,0.0
12,6,61,0.0
12,7,56,0.0
11,7,51,0.0
11,8,47,0.0
11,8,47,0.0
10,8,48,0.0
10,8,48,0.0
10,8,49,0.0
9,7,50,0.0
9,6,51,0.0
11,7,47,0.0
13,7,42,0.0
15,8,38,0.0
17,7,35,0.0
19,7,31,0.0
22,6,28,0.0
23,5,28,0.0
24,4,27,0.0
25,3,26,0.0
21,3,42,0.0
18,2,57,0.0
14,2,72,0.0
14,4,63,0.0
15,7,54,0.0
15,9,45,0.0
15,10,45,0.0
14,10,45,0.0
14,11,46,0.0
13,10,47,0.0
12,9,49,0.0
12,8,51,0.0
11,7,52,0.0
11,7,52,0.0
11,7,53,0.0
12,6,49,0.0
14,5,45,0.0
16,4,41,0.0
18,6,38,0.0
20,7,34,0.0
22,9,31,0.0
23,9,30,0.0
24,9,30,0.0
25,8,29,0.0
22,8,35,0.0
19,9,40,0.0
17,9,46,0.0
17,9,46,0.0
16,10,46,0.0
16,11,46,0.0
15,10,47,0.0
15,9,49,0.0
14,8,50,0.0
13,7,52,0.0
12,7,53,0.0
12,6,55,0.0
11,6,56,0.0
11,6,57,0.0
11,6,57,0.0
13,7,53,0.0
15,8,48,0.0
16,9,43,0.0
18,9,41,0.0
20,8,38,0.0
22,8,35,0.0
22,6,37,0.0
22,3,38,0.0
22,1,40,0.0
20,2,48,0.0
18,3,55,0.0
16,3,63,0.0
16,4,60,0.0
16,4,57,0.0
15,5,55,0.0
14,4,59,0.0
13,4,64,0.0
12,4,69,0.0
12,3,69,0.0
12,3,69,0.0
11,3,68,0.0
12,7,62,0.0
14,10,55,0.0
15,13,48,0.0
15,13,47,0.0
16,12,46,0.0
17,11,46,0.0
19,10,41,0.0
21,10,37,0.0
24,9,32,0.0
23,9,35,0.0
23,8,38,0.0
22,8,41,0.0
20,6,51,0.0
18,3,61,0.0
16,1,70,0.0
16,2,70,0.0
15,3,70,0.0
15,4,70,0.0
14,3,74,0.0
13,3,77,0.0
13,2,81,0.0
12,2,80,0.0
12,3,80,0.0
12,3,80,0.0
13,6,74,0.0
14,9,69,0.0
15,13,63,0.0
16,12,62,0.0
17,12,61,0.0
17,12,60,0.0
19,11,57,0.0
21,9,54,0.0
23,8,51,0.0
23,8,54,0.0
22,7,57,0.1
22,6,60,0.1
20,5,69,0.1
18,3,77,0.0
17,2,85,0.0
16,4,84,0.0
16,5,83,0.0
16,7,82,0.0
15,7,82,0.0
15,7,82,0.0
14,7,82,0.0
14,8,80,0.0
14,9,78,0.0
13,9,76,0.0
13,9,75,0.0
14,9,73,0.0
14,9,72,0.0
14,8,69,0.0
15,8,66,0.0
16,7,63,0.1
18,7,59,0.0
21,6,55,0.0
23,6,51,0.0
24,6,50,0.0
24,5,49,0.0
25,5,48,0.0
23,5,56,0.0
21,5,64,0.0
19,4,72,0.0
19,5,72,0.0
19,5,72,0.0
19,6,71,0.0
18,5,74,0.0
18,5,76,0.0
17,4,79,0.0
17,6,76,0.0
18,7,73,0.0
18,9,71,0.0
17,7,73,0.0
16,6,75,0.0
15,4,77,0.0
15,4,74,0.0
16,4,72,0.0
16,5,70,0.0
18,4,64,0.0
20,3,59,0.0
22,3,53,0.0
23,4,51,0.0
24,5,49,0.0
25,6,47,0.0
22,5,59,0.0
19,4,71,0.0
17,3,83,0.0
16,3,83,0.0
16,3,83,0.0
15,3,83,0.0
15,4,84,0.0
14,4,85,0.0
14,4,85,0.0
13,5,85,0.0
13,6,85,0.0
13,6,85,0.0
13,6,85,0.0
13,7,86,0.0
12,7,87,0.0
14,7,81,0.0
15,7,76,0.0
17,7,70,0.0
19,6,63,0.0
21,5,56,0.0
23,4,48,0.0
24,7,45,0.0
25,9,42,0.0
25,12,39,0.0
23,11,46,0.0
21,10,53,0.0
19,9,60,0.0
18,10,60,0.0
17,11,59,0.0
16,12,59,0.0
16,12,61,0.0
15,11,62,0.0
14,11,63,0.0
13,11,63,0.0
13,11,63,0.0
13,12,63,0.0
12,11,65,0.0
11,11,67,0.0
11,10,69,0.0
12,9,65,0.0
13,7,61,0.0
14,6,57,0.0
17,5,50,0.0
20,4,42,0.0
22,4,35,0.0
23,5,32,0.0
24,6,30,0.0
25,8,27,0.0
22,8,40,0.0
19,7,52,0.0
16,7,65,0.0
15,7,62,0.0
14,6,59,0.0
13,6,56,0.0
13,6,57,0.0
12,5,59,0.0
12,4,60,0.0
12,6,57,0.0
12,7,54,0.0
13,9,51,0.0
12,10,52,0.0
12,10,53,0.0
11,11,54,0.0
12,9,52,0.0
13,7,49,0.0
14,5,46,0.0
17,4,42,0.0
20,3,37,0.0
22,2,33,0.0
23,3,32,0.0
24,3,32,0.0
25,3,31,0.0
22,5,39,0.0
20,6,48,0.0
17,8,56,0.0
17,8,55,0.0
16,9,53,0.0
16,10,51,0.0
15,9,53,0.0
14,8,54,0.0
14,8,55,0.0
13,7,56,0.0
13,7,56,0.0
12,7,56,0.0
12,7,56,0.0
12,8,56,0.0
12,8,56,0.0
14,7,52,0.0
15,7,49,0.0
16,6,45,0.0
19,6,43,0.0
21,6,40,0.0
23,5,37,0.0
24,6,37,0.0
25,8,37,0.0
26,9,36,0.0
23,8,50,0.0
21,7,63,0.0
18,6,76,0.0
17,6,74,0.0
16,6,73,0.0
15,6,71,0.0
15,7,70,0.0
15,8,69,0.0
15,9,67,0.0
14,9,66,0.0
14,9,65,0.0
14,9,64,0.0
13,9,63,0.0
13,9,62,0.0
12,8,61,0.0
13,7,56,0.0
15,6,51,0.0
16,4,47,0.0
18,5,42,0.0
21,5,37,0.0
23,5,32,0.0
24,8,32,0.0
25,10,31,0.0
26,13,31,0.0
24,12,36,0.0
22,12,41,0.0
20,11,47,0.0
19,10,49,0.0
18,9,52,0.0
17,8,54,0.0
17,9,54,0.0
16,9,54,0.0
16,9,54,0.0
16,9,52,0.0
15,9,51,0.0
15,9,50,0.0
15,9,48,0.0
14,9,47,0.0
14,10,45,0.0
15,9,43,0.0
15,9,42,0.0
16,8,40,0.0
19,7,35,0.0
21,6,31,0.0
24,5,27,0.0
25,6,26,0.0
26,8,25,0.0
27,9,24,0.0
24,9,32,0.0
22,9,40,0.0
19,8,47,0.0
18,8,48,0.0
17,8,48,0.0
16,8,49,0.0
15,7,57,0.0
14,6,65,0.0
13,4,74,0.0
13,5,69,0.0
13,6,64,0.0
12,6,59,0.0
13,7,58,0.0
13,8,57,0.0
13,9,55,0.0
14,8,52,0.0
16,6,49,0.0
18,5,45,0.0
20,4,42,0.0
23,3,39,0.0
26,2,36,0.0
26,5,36,0.0
27,7,35,0.0
28,10,35,0.0
26,9,44,0.0
23,9,53,0.0
21,8,62,0.0
20,8,64,0.0
19,8,66,0.0
18,8,68,0.0
18,8,68,0.0
17,9,69,0.0
17,9,70,0.0
16,9,72,0.0
16,8,74,0.0
15,8,76,0.0
14,7,78,0.0
14,7,80,0.0
13,7,82,0.0
15,7,75,0.0
17,6,67,0.0
19,6,60,0.0
22,5,54,0.0
24,3,48,0.0
27,2,42,0.0
27,4,40,0.0
28,5,38,0.0
29,7,36,0.0
26,7,45,0.0
24,8,53,0.0
22,8,61,0.0
21,7,65,0.0
20,6,68,0.0
19,5,72,0.0
18,6,72,0.0
18,6,72,0.0
17,7,72,0.0
17,8,70,0.0
17,9,67,0.0
17,11,65,0.0
17,11,66,0.0
16,11,67,0.0
16,11,67,0.0
17,11,64,0.0
18,12,60,0.0
19,13,56,0.0
22,12,50,0.0
24,12,44,0.0
26,11,38,0.0
27,12,37,0.0
28,13,35,0.0
28,14,33,0.0
26,13,38,0.0
24,13,43,0.0
23,13,48,0.0
22,13,51,0.0
21,13,53,0.0
19,13,56,0.0
19,14,58,0.0
18,15,60,0.0
18,17,63,0.0
17,17,64,0.0
17,18,65,0.0
16,18,67,0.0
16,17,69,0.0
15,16,72,0.0
14,15,75,0.0
15,17,72,0.0
15,18,69,0.0
15,19,67,0.0
18,17,57,0.0
21,16,47,0.0
24,14,37,0.0
24,17,35,0.0
25,20,33,0.0
26,22,31,0.0
24,21,34,0.0
22,19,37,0.0
20,17,40,0.0
19,16,42,0.0
18,16,43,0.0
17,15,45,0.0
16,15,47,0.0
15,15,50,0.0
14,15,52,0.0
14,15,54,0.0
13,15,57,0.0
13,15,59,0.0
12,16,60,0.0
12,17,61,0.0
12,17,63,0.0
12,18,60,0.0
13,18,57,0.0
14,19,54,0.0
16,18,47,0.0
18,17,41,0.0
21,16,35,0.0
22,15,33,0.0
23,14,32,0.0
24,13,30,0.0
22,13,33,0.0
21,13,36,0.0
19,13,39,0.0
18,12,39,0.0
18,12,40,0.0
17,11,40,0.0
16,11,41,0.0
16,11,41,0.0
15,12,42,0.0
15,12,42,0.0
14,13,43,0.0
14,13,43,0.0
13,12,45,0.0
12,11,48,0.0
11,9,50,0.0
12,10,49,0.0
13,11,48,0.0
14,11,46,0.0
17,12,41,0.0
19,12,36,0.0
22,12,32,0.0
23,13,30,0.0
25,13,29,0.0
26,14,28,0.0
24,13,32,0.0
22,12,37,0.0
20,11,42,0.0
19,12,43,0.0
18,12,45,0.0
17,12,47,0.0
16,12,47,0.0
15,12,48,0.0
15,13,49,0.0
14,13,48,0.0
14,13,48,0.0
13,13,47,0.0
13,12,47,0.0
12,12,47,0.0
12,11,46,0.0
13,12,44,0.0
14,13,42,0.0
15,15,39,0.0
18,13,36,0.0
21,10,32,0.0
23,8,29,0.0
25,11,28,0.0
26,13,26,0.0
27,15,25,0.0
25,15,29,0.0
23,14,34,0.0
21,14,38,0.0
20,14,39,0.0
19,15,40,0.0
18,15,42,0.0
17,16,43,0.0
17,17,45,0.0
16,18,46,0.0
16,17,48,0.0
15,17,49,0.0
15,16,50,0.0
14,14,52,0.0
13,13,54,0.0
13,12,57,0.0
14,12,54,0.0
15,13,52,0.0
16,14,50,0.0
18,13,45,0.0
21,13,40,0.0
24,12,35,0.0
25,11,34,0.0
26,10,32,0.0
27,9,31,0.0
24,9,37,0.0
22,8,42,0.0
20,7,48,0.0
19,7,50,0.0
18,6,53,0.0
16,5,55,0.0
16,5,57,0.0
16,5,59,0.0
16,5,62,0.0
15,5,62,0.0
15,5,62,0.0
15,5,62,0.0
15,6,60,0.0
15,6,58,0.0
15,6,56,0.0
16,6,56,0.0
17,6,55,0.0
18,6,55,0.0
20,6,50,0.0
23,5,44,0.0
25,4,39,0.0
26,5,36,0.0
27,5,33,0.0
29,5,30,0.0
25,4,45,0.0
22,3,60,0.0
19,2,74,0.0
18,2,74,0.0
17,1,74,0.0
16,1,74,0.0
16,2,74,0.0
16,3,74,0.0
15,4,74,0.0
15,4,74,0.0
15,5,74,0.0
15,6,74,0.0
15,6,74,0.0
14,6,74,0.0
14,7,74,0.0
17,5,65,0.0
19,3,57,0.0
21,1,48,0.0
24,3,43,0.0
26,6,38,0.0
28,9,34,0.0
29,11,32,0.0
30,13,29,0.0
31,14,27,0.0
28,12,35,0.0
26,11,44,0.0
23,9,52,0.0
22,7,57,0.0
20,6,62,0.0
19,5,68,0.0
19,7,64,0.0
19,9,61,0.0
18,10,58,0.0
18,10,60,0.0
18,10,61,0.0
17,10,63,0.0
16,9,68,0.0
16,8,73,0.0
15,7,77,0.0
17,7,70,0.0
19,6,62,0.0
21,6,54,0.0
23,8,48,0.0
25,10,43,0.0
28,12,38,0.0
28,12,34,0.0
29,11,31,0.0
29,11,28,0.0
27,12,31,0.0
25,13,35,0.0
23,14,39,0.0
22,14,40,0.0
20,14,42,0.0
19,14,43,0.0
18,13,48,0.0
17,12,52,0.0
16,12,56,0.0
16,12,60,0.0
15,12,63,0.0
15,12,67,0.0
14,12,69,0.0
13,12,70,0.0
13,12,72,0.0
14,11,68,0.0
15,11,64,0.0
16,11,61,0.0
19,12,53,0.0
21,13,45,0.0
24,14,37,0.0
25,15,34,0.0
25,16,31,0.0
26,17,29,0.0
24,15,33,0.0
22,14,37,0.0
20,12,41,0.0
19,12,43,0.0
18,12,45,0.0
16,12,48,0.0
15,11,50,0.0
15,11,53,0.0
14,10,55,0.0
13,10,59,0.0
13,9,62,0.0
12,9,65,0.0
11,9,69,0.0
11,9,73,0.0
10,9,77,0.0
12,7,71,0.0
14,6,65,0.0
16,5,58,0.0
18,4,51,0.0
21,4,44,0.0
24,3,37,0.0
24,4,35,0.0
25,4,32,0.0
26,4,30,0.0
23,4,44,0.0
20,4,58,0.0
17,4,73,0.0
17,5,70,0.0
16,6,67,0.0
15,7,64,0.0
15,7,65,0.0
15,8,65,0.0
14,8,66,0.0
14,9,65,0.0
14,9,64,0.0
14,10,63,0.0
13,9,70,0.0
12,8,77,0.0
11,7,84,0.0
13,6,76,0.0
15,4,68,0.0
17,3,60,0.0
19,4,53,0.0
22,5,46,0.0
24,7,39,0.0
25,8,37,0.0
26,9,35,0.0
27,10,33,0.0
25,9,41,0.0
23,9,49,0.0
21,8,57,0.0
20,9,57,0.0
19,10,57,0.0
18,11,57,0.0
17,11,59,0.0
17,12,60,0.0
16,12,62,0.0
16,13,63,0.0
15,13,64,0.0
15,13,64,0.0
14,13,65,0.0
14,13,65,0.0
13,13,66,0.0
14,12,62,0.0
15,12,58,0.0
16,12,55,0.0
19,13,47,0.0
22,13,39,0.0
24,14,31,0.0
25,17,29,0.0
26,20,27,0.0
26,23,26,0.0
25,20,30,0.0
23,17,34,0.0
21,14,38,0.0
19,14,40,0.0
18,13,43,0.0
16,13,46,0.0
15,12,48,0.0
15,12,51,0.0
14,11,54,0.0
13,11,56,0.0
13,12,58,0.0
13,12,60,0.0
12,11,63,0.0
11,11,66,0.0
11,10,68,0.0
12,10,64,0.0
14,10,61,0.0
15,10,57,0.0
17,9,49,0.0
20,9,42,0.0
22,8,35,0.0
23,11,33,0.0
24,13,30,0.0
25,16,28,0.0
23,14,33,0.0
21,12,38,0.0
19,9,42,0.0
18,9,45,0.0
16,9,48,0.0
14,8,51,0.0
14,9,52,0.0
13,9,53,0.0
13,9,54,0.0
12,9,55,0.0
12,9,56,0.0
11,9,56,0.0
10,8,59,0.0
10,8,62,0.0
9,8,65,0.0
11,7,60,0.0
13,6,54,0.0
15,5,49,0.0
18,6,43,0.0
20,6,38,0.0
23,7,33,0.0
24,9,31,0.0
25,10,29,0.0
26,11,27,0.0
23,10,35,0.0
21,9,42,0.0
18,8,49,0.0
17,8,53,0.0
15,8,57,0.0
14,7,60,0.0
13,8,62,0.0
13,8,64,0.0
12,8,65,0.0
12,8,69,0.0
11,8,72,0.0
11,8,76,0.0
10,6,77,0.0
9,4,78,0.0
8,2,79,0.0
11,3,68,0.0
14,3,57,0.0
18,4,46,0.0
20,4,41,0.0
23,4,36,0.0
25,4,31,0.0
26,5,29,0.0
26,6,27,0.0
27,6,25,0.0
24,6,40,0.0
21,6,55,0.0
18,5,70,0.0
17,5,71,0.0
16,5,71,0.0
14,5,71,0.0
14,5,71,0.0
13,6,72,0.0
13,6,72,0.0
12,5,73,0.0
12,4,73,0.0
11,4,74,0.0
10,3,75,0.0
10,3,75,0.0
9,2,76,0.0
13,3,65,0.0
16,4,54,0.0
19,4,44,0.0
21,5,40,0.0
24,5,35,0.0
26,5,31,0.0
27,5,29,0.0
28,4,27,0.0
28,4,26,0.0
25,4,41,0.0
22,4,55,0.0
19,5,70,0.0
18,5,69,0.0
17,6,68,0.0
16,6,66,0.0
16,8,62,0.0
16,9,59,0.0
16,10,55,0.0
15,10,56,0.0
15,9,56,0.0
14,9,57,0.0
14,9,59,0.0
13,10,61,0.0
13,10,64,0.0
14,10,60,0.0
16,10,55,0.0
18,10,51,0.0
21,8,45,0.0
24,6,39,0.0
26,3,33,0.0
27,4,30,0.0
28,4,27,0.0
29,5,24,0.0
26,3,40,0.0
22,2,56,0.0
19,1,72,0.0
19,3,65,0.0
18,6,58,0.0
18,8,51,0.0
17,9,51,0.0
17,10,50,0.0
17,10,50,0.0
16,10,52,0.0
16,10,54,0.0
15,9,56,0.0
14,9,61,0.0
13,8,66,0.0
13,8,71,0.0
15,8,64,0.0
17,7,56,0.0
19,7,49,0.0
22,6,43,0.0
25,5,37,0.0
28,4,32,0.0
29,5,28,0.0
30,7,24,0.0
30,8,20,0.0
28,8,29,0.0
25,7,38,0.0
22,7,48,0.0
20,6,55,0.0
18,4,62,0.0
16,3,69,0.0
16,3,69,0.0
15,3,68,0.0
15,4,68,0.0
14,3,68,0.0
14,3,67,0.0
13,3,67,0.0
13,3,66,0.0
13,4,66,0.0
12,5,66,0.0
14,5,58,0.0
17,5,51,0.0
19,5,43,0.0
22,7,38,0.0
24,9,34,0.0
27,11,29,0.0
27,12,28,0.0
28,12,27,0.0
29,13,26,0.0
27,13,31,0.0
25,12,37,0.0
23,12,42,0.0
22,12,46,0.0
20,12,50,0.0
19,13,54,0.0
18,12,57,0.0
17,12,59,0.0
16,12,61,0.0
16,11,61,0.0
15,11,60,0.0
14,11,60,0.0
14,10,61,0.0
13,10,61,0.0
12,10,62,0.0
14,10,58,0.0
15,10,54,0.0
17,10,49,0.0
19,9,43,0.0
22,7,36,0.0
25,5,29,0.0
26,7,28,0.0
27,9,26,0.0
28,12,25,0.0
26,11,30,0.0
24,11,34,0.0
22,10,38,0.0
20,10,41,0.0
18,9,44,0.0
16,9,47,0.0
16,9,49,0.0
15,9,52,0.0
14,9,54,0.0
13,9,56,0.0
13,9,59,0.0
12,8,62,0.0
12,8,65,0.0
11,8,69,0.0
10,8,72,0.0
12,7,65,0.0
14,6,58,0.0
17,6,51,0.0
19,5,44,0.0
22,5,37,0.0
25,5,30,0.0
26,6,29,0.0
27,7,27,0.0
28,8,26,0.0
26,7,36,0.0
23,7,46,0.0
21,7,56,0.0
19,5,61,0.0
17,4,67,0.0
15,3,73,0.0
15,4,72,0.0
15,5,71,0.0
14,6,70,0.0
14,7,65,0.0
15,8,60,0.0
15,9,54,0.0
14,9,56,0.0
14,9,57,0.0
13,8,59,0.0
15,9,54,0.0
17,9,50,0.0
19,10,46,0.0
22,10,41,0.0
24,10,36,0.0
27,10,31,0.0
28,12,30,0.0
29,13,28,0.0
30,15,26,0.0
28,14,30,0.0
26,13,35,0.0
24,12,39,0.0
23,13,40,0.0
22,15,40,0.0
21,16,41,0.0
20,14,44,0.0
19,12,46,0.0
18,10,48,0.0
17,7,53,0.0
17,3,57,0.0
16,0,61,0.0
17,3,58,0.0
17,7,55,0.0
17,10,52,0.0
18,8,49,0.0
19,7,46,0.0
20,5,44,0.0
22,7,39,0.0
24,9,35,0.0
26,12,31,0.0
27,15,28,0.0
27,18,26,0.0
28,22,24,0.0
26,20,27,0.0
24,17,30,0.0
23,15,33,0.0
21,15,36,0.0
20,15,40,0.0
18,15,43,0.0
17,15,48,0.0
16,15,53,0.0
16,15,59,0.0
15,15,63,0.0
15,15,67,0.0
14,15,71,0.0
13,13,76,0.0
12,11,80,0.0
12,9,85,0.0
13,10,78,0.0
14,10,72,0.0
15,10,65,0.0
18,10,57,0.0
20,9,48,0.0
23,9,39,0.0
24,11,37,0.0
25,12,35,0.0
26,14,33,0.0
24,13,37,0.0
23,12,41,0.0
21,10,46,0.0
20,10,48,0.0
19,10,51,0.0
17,10,54,0.0
17,11,56,0.0
16,12,58,0.0
15,12,60,0.0
15,12,63,0.0
14,12,65,0.0
14,12,67,0.0
13,11,71,0.0
12,10,75,0.0
12,9,79,0.0
13,9,74,0.0
15,9,68,0.0
16,9,63,0.0
19,8,55,0.0
21,7,46,0.0
24,6,38,0.0
25,7,35,0.0
26,9,33,0.0
27,10,30,0.0
25,9,36,0.0
23,9,41,0.0
21,8,46,0.0
19,7,55,0.0
17,6,65,0.0
16,4,74,0.0
15,4,75,0.0
14,3,76,0.0
14,3,76,0.0
13,3,76,0.0
13,4,76,0.0
13,5,77,0.0
12,3,77,0.0
12,2,78,0.0
11,0,79,0.0
14,2,68,0.0
17,3,57,0.0
21,4,46,0.0
23,5,41,0.0
25,6,36,0.0
27,7,30,0.0
28,8,29,0.0
29,8,27,0.0
30,9,25,0.0
27,8,33,0.0
25,7,40,0.0
23,6,48,0.0
21,7,53,0.0
19,7,57,0.0
18,7,62,0.0
17,8,60,0.0
17,9,58,0.0
17,10,57,0.0
16,11,58,0.0
16,11,58,0.0
16,12,59,0.0
15,11,62,0.0
15,11,65,0.0
14,10,67,0.0
16,8,64,0.0
17,6,60,0.0
19,4,57,0.0
22,6,49,0.0
24,7,42,0.0
27,9,35,0.0
28,11,32,0.0
29,13,30,0.0
30,14,27,0.0
27,11,33,0.0
25,8,38,0.0
23,5,44,0.0
22,7,46,0.0
21,9,49,0.0
19,10,51,0.0
19,11,51,0.0
18,12,51,0.0
17,14,51,0.0
17,14,51,0.0
16,14,51,0.0
15,14,51,0.0
14,15,52,0.0
14,17,54,0.0
13,18,55,0.0
14,14,53,0.0
15,11,52,0.0
16,7,50,0.0
19,9,43,0.0
22,10,36,0.0
24,12,29,0.0
25,13,28,0.0
26,14,26,0.0
27,15,24,0.0
25,13,28,0.0
24,11,32,0.0
22,8,36,0.0
20,9,39,0.0
18,9,41,0.0
17,9,43,0.0
16,10,44,0.0
15,10,45,0.0
14,10,46,0.0
14,10,47,0.0
13,10,47,0.0
13,10,48,0.0
12,10,52,0.0
11,10,55,0.0
11,9,59,0.0
12,8,55,0.0
14,6,51,0.0
16,5,48,0.0
19,6,42,0.0
21,7,35,0.0
24,8,29,0.0
25,10,27,0.0
27,12,25,0.0
28,13,23,0.0
26,12,27,0.0
24,11,31,0.0
23,10,36,0.0
21,9,39,0.0
19,9,43,0.0
17,8,46,0.0
16,9,47,0.0
16,9,47,0.0
15,10,48,0.0
15,10,49,0.0
14,10,50,0.0
14,10,51,0.0
13,10,55,0.0
12,10,58,0.0
12,10,61,0.0
13,10,59,0.0
15,9,56,0.0
16,9,54,0.0
19,11,46,0.0
22,13,39,0.0
25,14,32,0.0
26,15,29,0.0
27,16,26,0.0
29,17,23,0.0
27,16,26,0.0
25,14,28,0.0
23,13,31,0.0
22,12,33,0.0
20,12,35,0.0
18,12,37,0.0
17,12,38,0.0
16,12,39,0.0
16,13,40,0.0
15,12,41,0.0
15,12,43,0.0
14,12,44,0.0
13,12,48,0.0
13,11,52,0.0
12,11,57,0.0
14,10,53,0.0
15,10,49,0.0
17,9,45,0.0
20,11,38,0.0
23,12,32,0.0
26,14,25,0.0
27,14,23,0.0
28,15,21,0.0
30,16,19,0.0
28,14,22,0.0
26,12,26,0.0
23,10,29,0.0
21,9,32,0.0
19,8,35,0.0
17,7,38,0.0
16,7,46,0.0
15,7,55,0.0
15,7,63,0.0
15,8,57,0.0
15,9,51,0.0
15,9,44,0.0
14,10,46,0.0
14,11,48,0.0
14,12,50,0.0
16,11,48,0.0
17,10,45,0.0
19,9,43,0.0
22,9,38,0.0
25,10,32,0.0
28,10,27,0.0
29,10,25,0.0
30,11,22,0.0
31,12,20,0.0
29,12,24,0.0
27,11,27,0.0
25,11,31,0.0
23,10,33,0.0
21,10,35,0.0
19,9,37,0.0
19,10,37,0.0
18,11,37,0.0
18,12,37,0.0
18,12,38,0.0
17,12,38,0.0
17,12,38,0.0
17,13,41,0.0
16,14,45,0.0
15,15,48,0.0
17,14,46,0.0
18,14,43,0.0
20,13,41,0.0
23,12,34,0.0
26,10,28,0.0
30,9,21,0.0
31,11,19,0.0
31,14,18,0.0
32,17,16,0.0
31,16,18,0.0
29,16,21,0.0
27,16,24,0.0
26,15,25,0.0
24,15,26,0.0
23,14,28,0.0
22,14,29,0.0
21,13,30,0.0
20,13,31,0.0
19,13,32,0.0
18,13,33,0.0
18,12,34,0.0
17,13,35,0.0
16,15,36,0.0
16,16,37,0.0
17,16,35,0.0
19,16,33,0.0
20,15,31,0.0
23,16,27,0.0
27,16,22,0.0
30,17,18,0.0
30,20,17,0.0
31,23,17,0.0
32,26,16,0.0
30,21,19,0.0
28,16,22,0.0
26,11,25,0.0
25,12,26,0.0
23,13,27,0.0
22,13,28,0.0
21,12,29,0.0
20,11,30,0.0
20,10,32,0.0
19,9,33,0.0
19,8,34,0.0
18,7,35,0.0
18,8,35,0.0
19,10,34,0.0
19,11,34,0.0
20,10,34,0.0
20,10,34,0.0
21,9,34,0.0
24,10,29,0.0
27,10,24,0.0
31,11,20,0.0
32,12,19,0.0
32,13,18,0.0
33,14,17,0.0
31,12,21,0.0
28,9,24,0.0
26,7,28,0.0
24,6,40,0.0
21,4,52,0.0
19,3,64,0.0
19,4,60,0.0
19,5,55,0.0
19,6,51,0.0
18,6,53,0.0
17,5,55,0.0
16,4,57,0.0
16,6,52,0.0
16,8,47,0.0
16,10,42,0.0
18,9,38,0.0
20,9,35,0.0
22,8,31,0.0
25,9,28,0.0
28,10,24,0.0
31,11,20,0.0
32,13,18,0.0
33,14,17,0.0
34,16,15,0.0
31,13,19,0.0
29,10,22,0.0
27,6,26,0.0
25,7,27,0.0
23,8,27,0.0
22,9,28,0.0
21,9,30,0.0
20,8,31,0.0
19,8,33,0.0
19,9,34,0.0
19,10,35,0.0
18,10,36,0.0
18,11,41,0.0
17,11,46,0.0
16,12,51,0.0
18,12,48,0.0
20,12,46,0.0
21,12,44,0.0
25,12,38,0.0
28,13,31,0.0
31,14,25,0.0
32,16,23,0.0
32,17,21,0.0
33,19,20,0.0
31,18,22,0.0
30,18,24,0.0
28,17,26,0.0
26,16,28,0.0
25,15,30,0.0
23,14,32,0.0
22,15,34,0.0
21,15,35,0.0
20,15,37,0.0
20,14,38,0.0
19,14,38,0.0
19,13,39,0.0
18,13,40,0.0
17,13,41,0.0
16,13,42,0.0
18,13,38,0.0
19,13,35,0.0
21,13,32,0.0
24,14,28,0.0
27,14,24,0.0
30,15,19,0.0
31,15,18,0.0
31,16,17,0.0
32,17,16,0.0
30,14,20,0.0
28,11,23,0.0
27,9,27,0.0
24,8,30,0.0
22,7,33,0.0
20,6,36,0.0
20,7,37,0.0
20,8,37,0.0
19,9,37,0.0
19,11,37,0.0
19,12,37,0.0
19,14,37,0.0
18,13,39,0.0
17,12,41,0.0
16,11,43,0.0
18,12,40,0.0
19,12,36,0.0
21,12,33,0.0
24,15,27,0.0
26,18,22,0.0
29,22,16,0.0
30,22,15,0.0
31,23,14,0.0
32,24,13,0.0
30,21,16,0.0
29,17,18,0.0
27,14,21,0.0
26,14,23,0.0
24,14,25,0.0
22,14,27,0.0
21,13,28,0.0
20,13,30,0.0
19,13,32,0.0
19,13,31,0.0
19,14,31,0.0
19,14,31,0.0
18,15,33,0.0
17,16,35,0.0
17,17,36,0.0
18,17,35,0.0
19,18,33,0.0
20,18,31,0.0
23,19,26,0.0
25,20,21,0.0
28,21,16,0.0
29,23,15,0.0
30,24,14,0.0
31,26,14,0.0
29,24,16,0.0
28,22,18,0.0
27,20,19,0.0
25,19,21,0.0
23,17,22,0.0
22,16,23,0.0
21,16,24,0.0
20,16,25,0.0
19,16,26,0.0
18,15,26,0.0
17,14,27,0.0
17,14,27,0.0
16,13,28,0.0
15,12,29,0.0
15,12,30,0.0
16,13,28,0.0
17,15,27,0.0
19,16,25,0.0
22,16,22,0.0
25,16,18,0.0
28,16,15,0.0
29,17,14,0.0
30,18,13,0.0
31,20,12,0.0
29,16,15,0.0
28,12,17,0.0
26,8,20,0.0
23,7,22,0.0
21,6,24,0.0
18,5,26,0.0
18,5,27,0.0
17,4,28,0.0
16,4,29,0.0
16,4,30,0.0
16,5,30,0.0
16,5,31,0.0
15,5,32,0.0
15,5,33,0.0
14,5,34,0.0
17,5,31,0.0
19,5,28,0.0
22,5,26,0.0
25,5,23,0.0
27,6,20,0.0
30,6,17,0.0
31,9,17,0.0
33,12,16,0.0
34,15,15,0.0
32,14,17,0.0
30,13,20,0.0
28,11,23,0.0
26,10,27,0.0
23,9,30,0.0
21,7,34,0.0
20,7,36,0.0
19,6,38,0.0
18,6,40,0.0
18,5,44,0.0
17,4,49,0.0
16,4,53,0.0
16,5,52,0.0
16,6,51,0.0
16,7,50,0.0
19,7,45,0.0
21,6,40,0.0
24,6,35,0.0
27,6,32,0.0
29,5,28,0.0
32,5,25,0.0
33,6,24,0.0
34,7,22,0.0
35,8,21,0.0
32,6,26,0.0
30,5,31,0.0
27,4,35,0.0
25,4,38,0.0
24,4,40,0.0
22,5,42,0.0
21,4,52,0.0
20,3,63,0.0
18,2,73,0.0
18,2,73,0.0
18,2,73,0.0
17,3,72,0.0
17,2,73,0.0
17,2,74,0.0
16,2,75,0.0
19,3,62,0.0
23,4,49,0.0
26,4,36,0.0
29,6,31,0.0
32,8,25,0.0
35,9,20,0.0
36,11,17,0.0
37,13,15,0.0
38,15,12,0.0
35,13,14,0.0
33,10,17,0.0
30,7,19,0.0
29,8,20,0.0
27,10,21,0.0
25,11,22,0.0
24,11,24,0.0
23,12,25,0.0
23,12,27,0.0
22,11,30,0.0
21,11,33,0.0
20,10,36,0.0
19,10,38,0.0
19,10,41,0.0
18,10,44,0.0
20,9,40,0.0
22,8,36,0.0
24,6,33,0.0
28,10,28,0.0
31,13,24,0.0
34,16,19,0.0
34,16,18,0.0
35,17,16,0.0
36,17,15,0.0
34,15,17,0.0
32,12,20,0.0
30,10,22,0.0
29,11,25,0.0
27,11,28,0.0
25,12,31,0.0
24,13,33,0.0
24,14,34,0.0
23,15,36,0.0
22,14,36,0.0
21,13,36,0.0
20,13,35,0.0
19,12,35,0.0
18,12,35,0.0
17,12,36,0.0
19,13,33,0.0
20,13,31,0.0
22,14,29,0.0
25,14,24,0.0
28,14,20,0.0
31,14,15,0.0
32,16,13,0.0
33,18,12,0.0
34,20,10,0.0
32,17,12,0.0
30,14,13,0.0
29,11,15,0.0
26,10,16,0.0
24,10,17,0.0
22,10,18,0.0
20,9,20,0.0
19,8,22,0.0
18,7,24,0.0
17,6,27,0.0
16,5,30,0.0
16,4,32,0.0
15,4,31,0.0
15,4,30,0.0
14,4,28,0.0
17,5,25,0.0
20,6,23,0.0
23,7,20,0.0
26,9,18,0.0
29,10,16,0.0
32,12,14,0.0
33,11,13,0.0
34,10,12,0.0
35,9,11,0.0
33,9,13,0.0
30,8,15,0.0
28,8,18,0.0
26,7,20,0.0
23,7,21,0.0
21,7,23,0.0
20,7,24,0.0
19,7,25,0.0
19,7,26,0.0
18,7,27,0.0
18,7,27,0.0
17,7,28,0.0
17,8,29,0.0
16,8,31,0.0
16,8,32,0.0
19,6,29,0.0
21,4,27,0.0
24,2,25,0.0
27,3,21,0.0
30,4,18,0.0
33,6,14,0.0
34,7,14,0.0
34,8,13,0.0
35,9,12,0.0
33,8,15,0.0
31,8,18,0.0
29,8,20,0.0
27,8,22,0.0
25,9,24,0.0
24,10,25,0.0
23,11,27,0.0
22,11,28,0.0
22,12,29,0.0
21,11,31,0.0
20,11,32,0.0
20,11,33,0.0
19,11,34,0.0
18,10,34,0.0
18,10,35,0.0
20,9,33,0.0
22,8,30,0.0
24,7,28,0.0
25,6,26,0.0
27,4,25,0.0
28,3,23,0.0
30,3,21,0.0
32,2,18,0.0
34,2,16,0.0
32,4,18,0.0
30,6,21,0.0
28,8,23,0.0
27,9,23,0.0
26,10,24,0.0
25,10,24,0.0
24,11,25,0.0
23,12,27,0.0
22,13,28,0.0
22,12,28,0.0
21,12,29,0.0
20,11,29,0.0
20,10,30,0.0
19,9,30,0.0
18,9,30,0.0
20,7,27,0.0
22,6,25,0.0
24,4,23,0.0
27,4,19,0.0
30,4,16,0.0
34,3,12,0.0
34,6,12,0.0
34,9,12,0.0
34,12,12,0.0
33,10,14,0.0
31,9,16,0.0
29,8,19,0.0
27,9,20,0.0
26,10,21,0.0
24,11,22,0.0
23,12,22,0.0
22,12,22,0.0
21,13,22,0.0
21,12,23,0.0
20,12,23,0.0
20,11,23,0.0
19,12,24,0.0
19,12,24,0.0
18,12,25,0.0
20,11,24,0.0
21,9,23,0.0
23,8,21,0.0
26,11,19,0.0
29,15,16,0.0
32,18,13,0.0
32,19,12,0.0
33,20,11,0.0
33,21,10,0.0
32,19,11,0.0
31,17,11,0.0
29,14,12,0.0
27,15,13,0.0
26,15,14,0.0
24,16,15,0.0
23,15,17,0.0
21,14,19,0.0
20,14,20,0.0
19,13,21,0.0
19,13,22,0.0
18,13,23,0.0
17,12,24,0.0
17,12,25,0.0
16,12,26,0.0
18,12,25,0.0
19,12,23,0.0
21,12,22,0.0
24,12,19,0.0
27,12,16,0.0
31,12,12,0.0
32,13,11,0.0
33,14,10,0.0
34,15,9,0.0
32,14,11,0.0
30,12,12,0.0
29,11,14,0.0
26,11,16,0.0
24,11,17,0.0
22,10,18,0.0
21,10,19,0.0
20,10,20,0.0
20,10,21,0.0
19,10,23,0.0
18,9,25,0.0
17,9,26,0.0
16,8,28,0.0
15,7,31,0.0
15,6,33,0.0
18,5,30,0.0
20,4,27,0.0
23,3,23,0.0
27,3,20,0.0
30,2,17,0.0
34,1,14,0.0
34,1,13,0.0
35,2,13,0.0
35,2,12,0.0
33,2,17,0.0
30,2,22,0.0
27,3,27,0.0
26,4,28,0.0
24,5,28,0.0
22,6,29,0.0
22,7,29,0.0
21,8,29,0.0
21,9,30,0.0
21,9,30,0.0
20,9,31,0.0
20,9,32,0.0
19,11,32,0.0
19,12,32,0.0
19,13,32,0.0
20,11,30,0.0
22,9,28,0.0
24,7,26,0.0
27,5,23,0.0
31,4,19,0.0
34,2,15,0.0
35,4,14,0.0
35,5,13,0.0
35,7,12,0.0
33,7,14,0.0
31,6,16,0.0
30,6,19,0.0
28,7,20,0.0
26,8,21,0.0
24,9,22,0.0
24,9,23,0.0
23,8,24,0.0
22,8,25,0.0
21,8,27,0.0
21,8,28,0.0
20,8,29,0.0
20,7,31,0.0
19,7,32,0.0
18,7,34,0.0
21,6,30,0.0
24,5,27,0.0
27,4,23,0.0
30,5,20,0.0
33,5,16,0.0
36,5,13,0.0
36,6,12,0.0
36,6,12,0.0
37,6,11,0.0
35,6,14,0.0
33,6,16,0.0
31,5,19,0.0
30,7,18,0.0
28,8,18,0.0
27,9,18,0.0
27,11,20,0.0
26,12,22,0.0
25,13,23,0.0
24,12,28,0.0
23,12,32,0.0
22,11,37,0.0
21,10,39,0.0
20,10,42,0.0
20,9,45,0.0
22,9,41,0.0
24,9,37,0.0
26,9,34,0.0
29,9,29,0.0
32,8,23,0.0
35,8,18,0.0
35,8,16,0.0
36,8,15,0.0
36,8,13,0.0
34,6,16,0.0
33,4,20,0.0
31,2,23,0.0
29,2,24,0.0
27,2,25,0.0
25,2,26,0.0
23,3,29,0.0
22,3,31,0.0
20,4,33,0.0
20,3,34,0.0
19,3,35,0.0
18,3,35,0.0
18,4,36,0.0
18,4,37,0.0
17,5,38,0.0
20,4,34,0.0
23,4,30,0.0
26,3,25,0.0
29,5,21,0.0
31,7,18,0.0
34,8,14,0.0
35,9,13,0.0
35,9,12,0.0
35,9,11,0.0
34,10,14,0.0
33,10,16,0.0
32,11,18,0.0
30,11,20,0.0
27,11,22,0.0
25,11,24,0.0
25,11,25,0.0
24,11,27,0.0
23,11,28,0.0
23,11,29,0.0
22,10,30,0.0
21,10,31,0.0
21,10,32,0.0
20,9,33,0.0
19,9,34,0.0
22,8,31,0.0
25,7,27,0.0
27,6,23,0.0
30,7,19,0.0
33,8,15,0.0
35,9,11,0.0
36,11,10,0.0
37,14,9,0.0
37,16,8,0.0
35,13,10,0.0
34,10,12,0.0
32,8,14,0.0
29,7,17,0.0
26,6,19,0.0
24,5,22,0.0
23,6,22,0.0
23,7,23,0.0
22,8,24,0.0
22,7,25,0.0
21,7,26,0.0
21,7,28,0.0
20,6,30,0.0
19,5,32,0.0
18,3,35,0.0
21,3,30,0.0
25,3,26,0.0
28,4,21,0.0
31,6,18,0.0
34,8,15,0.0
36,10,12,0.0
37,9,12,0.0
37,8,11,0.0
38,7,11,0.0
36,6,14,0.0
33,5,17,0.0
31,4,21,0.0
29,5,21,0.0
27,5,22,0.0
25,5,22,0.0
25,7,22,0.0
24,8,23,0.0
24,10,23,0.0
24,11,24,0.0
23,11,25,0.0
23,12,26,0.0
22,11,27,0.0
22,10,28,0.0
21,9,29,0.0
23,10,27,0.0
25,12,25,0.0
27,13,23,0.0
30,12,20,0.0
33,11,17,0.0
36,10,14,0.0
36,11,15,0.0
35,12,15,0.0
35,12,15,0.0
34,17,16,0.0
33,22,17,0.0
32,27,19,0.0
30,21,21,0.0
28,16,23,0.0
27,10,25,0.0
26,11,28,0.0
25,12,30,0.0
24,13,32,0.0
23,12,35,0.0
22,11,37,0.0
21,10,39,0.0
21,9,39,0.0
21,8,39,0.0
22,6,39,0.0
22,7,37,0.0
23,8,35,0.0
24,9,34,0.0
27,11,30,0.0
29,13,27,0.0
31,15,23,0.0
32,12,22,0.0
33,8,20,0.0
34,5,19,0.0
32,5,21,0.0
31,5,23,0.0
30,4,25,0.0
28,6,27,0.0
26,7,29,0.0
24,8,31,0.0
23,8,34,0.0
22,9,36,0.0
22,9,39,0.0
21,9,42,0.0
20,10,45,0.0
20,10,48,0.0
19,9,51,0.0
18,9,54,0.0
18,8,57,0.0
20,8,52,0.0
22,7,46,0.0
24,6,40,0.0
28,6,33,0.0
31,6,26,0.0
34,5,18,0.0
34,6,17,0.0
34,7,15,0.0
35,7,14,0.0
33,7,15,0.0
32,6,17,0.0
30,6,18,0.0
28,5,21,0.0
25,4,25,0.0
22,3,28,0.0
22,5,28,0.0
21,6,28,0.0
21,7,29,0.0
21,7,30,0.0
20,7,31,0.0
19,6,32,0.0
19,6,34,0.0
18,6,35,0.0
18,6,36,0.0
21,6,32,0.0
24,6,27,0.0
28,6,23,0.0
30,5,20,0.0
33,4,17,0.0
35,4,14,0.0
35,4,13,0.0
35,5,13,0.0
36,5,12,0.0
34,5,15,0.0
32,5,18,0.0
30,4,20,0.0
28,4,22,0.0
25,4,24,0.0
23,4,26,0.0
23,4,26,0.0
22,5,26,0.0
22,5,26,0.0
21,5,27,0.0
21,4,28,0.0
20,4,29,0.0
19,4,31,0.0
19,3,33,0.0
18,3,35,0.0
22,4,30,0.0
25,5,26,0.0
28,6,21,0.0
31,6,19,0.0
34,5,16,0.0
37,5,13,0.0
37,6,13,0.0
37,7,13,0.0
37,9,12,0.0
36,8,14,0.0
34,7,15,0.0
33,7,17,0.0
30,7,19,0.0
28,6,22,0.0
25,6,25,0.0
25,6,26,0.0
24,7,27,0.0
23,7,28,0.0
23,7,29,0.0
23,7,29,0.0
23,8,30,0.0
22,7,31,0.0
22,6,32,0.0
21,6,33,0.0
22,7,31,0.0
24,9,29,0.0
25,10,27,0.0
27,8,26,0.0
29,6,25,0.0
31,5,23,0.0
32,5,22,0.0
33,5,20,0.0
35,6,19,0.0
34,10,20,0.0
33,14,21,0.0
32,18,22,0.0
30,18,27,0.0
28,19,32,0.0
26,19,38,0.0
25,16,40,0.0
24,13,42,0.0
23,10,44,0.0
23,9,46,0.0
23,8,47,0.0
22,6,49,0.0
21,6,52,0.0
20,6,54,0.0
19,6,57,0.0
21,6,52,0.0
23,6,46,0.0
25,6,41,0.0
28,9,35,0.0
30,11,28,0.0
33,13,22,0.0
33,15,19,0.0
34,16,16,0.0
34,17,13,0.0
33,17,14,0.0
32,16,14,0.0
31,16,14,0.0
29,14,16,0.0
27,13,19,0.0
25,12,21,0.0
23,10,24,0.0
22,8,27,0.0
20,6,30,0.0
20,6,32,0.0
19,6,34,0.0
19,5,35,0.0
18,4,38,0.0
17,3,40,0.0
17,3,42,0.0
20,3,36,0.0
23,3,31,0.0
25,4,25,0.0
28,6,22,0.0
30,8,20,0.0
33,10,17,0.0
34,10,17,0.0
34,11,17,0.0
35,11,17,0.0
33,12,19,0.0
32,14,20,0.0
31,16,22,0.0
30,15,25,0.0
28,14,27,0.0
27,14,30,0.0
26,12,32,0.0
26,11,35,0.0
25,9,37,0.0
24,10,40,0.0
24,11,42,0.0
24,12,44,0.0
23,10,47,0.0
23,8,50,0.0
22,6,54,0.0
24,6,49,0.0
25,6,44,0.0
27,6,40,0.0
30,7,34,0.0
32,8,29,0.0
34,9,23,0.0
35,6,21,0.0
36,4,20,0.0
37,1,18,0.0
36,5,19,0.0
35,8,20,0.0
34,11,20,0.0
32,11,23,0.0
30,12,25,0.0
28,12,28,0.0
27,10,30,0.0
26,9,33,0.0
25,7,36,0.0
24,7,37,0.0
24,8,38,0.0
24,8,39,0.0
23,7,40,0.0
23,7,40,0.0
23,6,40,0.0
25,6,37,0.0
27,5,34,0.0
29,5,30,0.0
32,6,27,0.0
34,7,23,0.0
36,8,19,0.0
36,9,20,0.0
36,10,20,0.0
35,11,20,0.0
35,12,21,0.0
34,13,21,0.0
34,15,22,0.0
32,17,26,0.0
31,19,29,0.0
29,22,33,0.0
28,18,34,0.0
28,14,36,0.0
27,11,38,0.0
27,10,39,0.0
26,10,40,0.0
25,9,42,0.0
25,10,44,0.0
24,10,46,0.0
24,11,47,0.0
25,10,45,0.0
27,10,42,0.0
28,9,39,0.0
30,10,34,0.0
32,10,28,0.0
35,11,23,0.0
35,12,21,0.0
36,14,20,0.0
36,16,19,0.0
35,16,19,0.0
35,17,20,0.0
34,17,21,0.0
32,15,23,0.0
30,12,26,0.0
28,10,28,0.0
27,10,29,0.0
26,10,30,0.0
25,10,31,0.0
24,10,31,0.0
24,10,32,0.0
23,10,33,0.0
22,10,34,0.0
22,10,35,0.0
21,10,36,0.0
23,10,33,0.0
25,10,31,0.0
27,11,28,0.0
29,15,24,0.0
32,19,20,0.0
34,23,15,0.0
35,22,14,0.0
35,22,13,0.0
36,21,12,0.0
35,20,13,0.0
34,18,13,0.0
33,16,14,0.0
31,15,16,0.0
29,13,18,0.0
27,12,20,0.0
26,12,22,0.0
25,12,23,0.0
24,13,24,0.0
23,12,25,0.0
23,12,25,0.0
22,12,25,0.0
21,11,26,0.0
20,10,27,0.0
19,9,27,0.0
22,9,24,0.0
24,9,22,0.0
27,10,19,0.0
29,11,17,0.0
32,13,14,0.0
35,14,12,0.0
36,16,12,0.0
36,18,11,0.0
37,19,11,0.0
36,17,13,0.0
35,14,14,0.0
34,12,15,0.0
32,11,17,0.0
30,10,19,0.0
28,10,21,0.0
27,9,22,0.0
26,9,22,0.0
25,8,23,0.0
24,8,23,0.0
23,7,24,0.0
22,7,24,0.0
22,6,26,0.0
21,5,27,0.0
20,4,29,0.0
23,4,25,0.0
27,5,22,0.0
30,5,18,0.0
32,7,17,0.0
35,10,15,0.0
38,12,14,0.0
38,13,14,0.0
39,13,14,0.0
39,13,14,0.0
38,13,15,0.0
37,13,16,0.0
36,13,17,0.0
34,11,20,0.0
31,9,23,0.0
29,7,26,0.0
28,8,27,0.0
27,9,28,0.0
27,10,29,0.0
26,9,31,0.0
25,9,32,0.0
25,8,34,0.0
24,7,37,0.0
23,5,40,0.0
22,4,42,0.0
25,3,37,0.0
28,3,31,0.0
31,3,25,0.0
34,5,22,0.0
36,8,19,0.0
39,11,15,0.0
39,13,14,0.0
40,15,14,0.0
41,17,13,0.0
40,17,13,0.0
39,17,14,0.0
38,17,14,0.0
35,14,17,0.0
33,12,20,0.0
31,9,22,0.0
30,9,24,0.0
29,9,25,0.0
28,9,26,0.0
27,9,27,0.0
27,8,28,0.0
26,7,29,0.0
25,10,29,0.0
25,12,30,0.0
24,15,31,0.0
27,14,27,0.0
29,14,24,0.0
31,13,21,0.0
33,15,18,0.0
36,16,15,0.0
38,17,12,0.0
39,17,11,0.0
39,16,11,0.0
40,16,10,0.0
39,15,11,0.0
38,13,12,0.0
37,12,13,0.0
35,11,15,0.0
32,11,17,0.0
30,10,19,0.0
29,11,19,0.0
28,12,20,0.0
27,13,20,0.0
27,12,20,0.0
26,12,19,0.0
26,12,18,0.0
25,10,19,0.0
23,9,19,0.0
22,7,20,0.0
24,7,19,0.0
27,7,18,0.0
29,8,16,0.0
32,7,14,0.0
35,7,11,0.0
38,6,8,0.0
38,11,8,0.0
39,16,8,0.0
39,20,8,0.0
38,18,8,0.0
37,16,9,0.0
36,14,10,0.0
34,16,12,0.0
33,17,13,0.0
31,18,15,0.0
30,17,18,0.0
29,15,21,0.0
28,14,23,0.0
28,14,26,0.0
27,14,28,0.0
27,13,31,0.0
26,12,33,0.0
26,11,36,0.0
25,9,38,0.0
27,11,35,0.0
29,12,32,0.0
31,13,29,0.0
32,15,28,0.0
33,18,26,0.0
34,20,24,0.0
33,18,26,0.0
32,16,28,0.0
31,15,30,0.0
32,14,26,0.0
33,13,22,0.0
34,13,19,0.0
32,11,21,0.0
29,9,23,0.0
27,7,25,0.0
27,8,27,0.0
27,10,28,0.0
27,12,29,0.0
26,11,33,0.0
25,11,36,0.0
24,10,40,0.0
24,10,41,0.0
24,9,42,0.0
24,9,43,0.0
26,10,38,0.0
29,11,33,0.0
31,12,28,0.0
33,11,22,0.0
36,10,17,0.0
38,9,11,0.0
39,11,11,0.0
39,13,10,0.0
40,15,10,0.0
39,14,10,0.0
38,14,11,0.0
37,13,11,0.0
34,11,13,0.0
32,10,15,0.0
29,8,17,0.0
28,8,19,0.0
27,7,21,0.0
26,7,22,0.0
26,9,23,0.0
27,11,24,0.0
27,14,25,0.0
26,12,28,0.0
25,10,32,0.0
24,8,36,0.0
26,7,33,0.0
29,6,29,0.0
31,5,25,0.0
31,5,27,0.0
30,5,28,0.0
30,5,29,0.0
29,8,29,0.0
29,10,29,0.0
29,13,28,0.0
30,9,26,0.0
31,5,23,0.0
31,2,20,0.0
30,5,22,0.0
29,7,23,0.0
27,10,25,0.0
27,11,25,0.0
27,13,26,0.0
27,14,26,0.0
27,13,29,0.0
26,12,32,0.0
26,11,35,0.0
25,7,37,0.0
24,4,40,0.0
23,1,43,0.0
25,3,39,0.0
27,5,36,0.0
29,6,32,0.0
32,5,28,0.0
34,4,25,0.0
37,3,21,0.0
37,4,19,0.0
38,4,18,0.0
38,4,16,0.0
37,6,17,0.0
36,7,18,0.0
35,9,18,0.0
33,9,21,0.0
31,9,24,0.0
30,9,26,0.0
29,11,28,0.0
28,13,30,0.0
27,14,32,0.0
26,15,34,0.0
26,17,36,0.0
25,18,37,0.0
25,16,40,0.0
24,15,42,0.0
24,14,44,0.0
25,14,41,0.0
27,14,37,0.0
28,14,34,0.0
30,14,30,0.0
32,14,25,0.0
34,14,21,0.0
35,15,19,0.0
35,17,17,0.0
36,18,14,0.0
35,18,14,0.0
34,17,14,0.0
34,17,14,0.0
31,15,16,0.0
29,12,18,0.0
27,10,20,0.0
26,11,21,0.0
26,12,22,0.0
25,12,23,0.0
24,12,24,0.0
24,12,25,0.0
23,12,27,0.0
22,11,28,0.0
22,10,30,0.0
21,9,32,0.0
23,9,29,0.0
26,9,26,0.0
28,9,23,0.0
30,10,20,0.0
33,10,17,0.0
35,10,14,0.0
36,12,13,0.0
37,14,12,0.0
38,16,11,0.0
37,15,12,0.0
36,13,13,0.0
36,12,14,0.0
33,11,16,0.0
31,10,18,0.0
28,9,21,0.0
28,9,22,0.0
27,9,23,0.0
26,9,24,0.0
25,9,25,0.0
25,9,26,0.0
24,9,27,0.0
24,9,29,0.0
23,9,30,0.0
23,9,32,0.0
26,8,28,0.0
28,7,25,0.0
31,5,21,0.0
33,7,19,0.0
36,8,17,0.0
38,9,14,0.0
39,10,14,0.0
39,11,13,0.0
40,12,13,0.0
39,13,14,0.0
38,13,14,0.0
37,14,15,0.0
35,12,17,0.0
33,10,20,0.0
30,8,23,0.0
29,8,24,0.0
28,8,25,0.0
28,8,26,0.0
27,8,27,0.0
26,7,28,0.0
26,7,28,0.0
25,8,29,0.0
25,9,29,0.0
25,9,30,0.0
27,9,26,0.0
30,8,22,0.0
33,7,18,0.0
35,11,16,0.0
38,15,13,0.0
40,18,11,0.0
41,18,10,0.0
41,18,10,0.0
41,18,10,0.0
40,16,10,0.0
39,14,11,0.0
39,13,11,0.0
36,11,13,0.0
33,9,15,0.0
31,8,17,0.0
30,8,18,0.0
29,8,19,0.0
28,9,19,0.0
28,9,20,0.0
27,9,20,0.0
26,9,21,0.0
25,8,21,0.0
24,7,22,0.0
23,6,23,0.0
27,5,20,0.0
30,3,17,0.0
33,2,14,0.0
36,5,12,0.0
38,8,10,0.0
40,11,8,0.0
41,11,8,0.0
41,12,8,0.0
41,12,7,0.0
40,11,8,0.0
40,10,8,0.0
39,9,8,0.0
36,9,10,0.0
33,8,11,0.0
31,8,13,0.0
29,7,13,0.0
28,6,14,0.0
27,5,15,0.0
26,5,16,0.0
26,5,17,0.0
25,5,18,0.0
24,5,19,0.0
24,5,19,0.0
24,5,20,0.0
28,4,17,0.0
31,4,14,0.0
35,3,10,0.0
38,5,9,0.0
40,6,8,0.0
42,7,7,0.0
42,9,7,0.0
43,11,7,0.0
43,13,7,0.0
42,11,7,0.0
41,9,8,0.0
40,7,8,0.0
38,7,9,0.0
36,6,11,0.0
34,6,12,0.0
33,6,13,0.0
31,6,15,0.0
29,6,16,0.0
28,6,16,0.0
28,7,17,0.0
27,8,17,0.0
27,8,18,0.0
26,8,18,0.0
25,8,19,0.0
29,7,16,0.0
32,6,14,0.0
35,5,11,0.0
37,6,10,0.0
40,7,9,0.0
42,8,8,0.0
42,9,8,0.0
42,10,8,0.0
42,11,8,0.0
41,13,9,0.0
40,15,9,0.0
39,17,10,0.0
37,15,11,0.0
36,13,12,0.0
34,12,13,0.0
33,11,13,0.0
32,11,14,0.0
31,10,15,0.0
30,12,15,0.0
30,15,15,0.0
30,17,16,0.0
29,15,16,0.0
29,14,16,0.0
29,13,16,0.0
30,11,15,0.0
31,10,15,0.0
31,9,14,0.0
34,9,13,0.0
36,10,13,0.0
39,10,12,0.0
40,13,11,0.0
40,16,10,0.0
41,18,10,0.0
40,20,10,0.0
39,21,10,0.0
39,23,10,0.0
37,21,10,0.0
35,18,10,0.0
33,16,11,0.0
32,16,11,0.0
30,15,12,0.0
29,15,12,0.0
28,15,13,0.0
28,15,14,0.0
27,15,15,0.0
26,16,17,0.0
26,16,18,0.0
25,17,19,0.0
27,19,17,0.0
30,21,15,0.0
33,23,13,0.0
35,25,11,0.0
37,27,9,0.0
39,28,7,0.0
40,27,6,0.0
40,26,5,0.0
41,26,5,0.0
40,25,5,0.0
40,25,6,0.0
39,25,6,0.0
37,22,7,0.0
35,19,8,0.0
33,16,10,0.0
32,15,10,0.0
31,15,11,0.0
30,15,12,0.0
30,15,12,0.0
29,15,12,0.0
29,15,13,0.0
28,14,13,0.0
27,12,14,0.0
26,11,14,0.0
28,13,13,0.0
31,15,12,0.0
33,17,10,0.0
36,20,9,0.0
38,23,8,0.0
41,26,6,0.0
42,27,6,0.0
42,27,5,0.0
43,27,5,0.0
42,22,5,0.0
41,16,6,0.0
40,11,6,0.0
38,12,7,0.0
36,13,8,0.0
34,13,9,0.0
33,13,10,0.0
32,13,10,0.0
31,13,11,0.0
30,13,12,0.0
30,13,12,0.0
29,12,13,0.0
28,13,13,0.0
27,14,14,0.0
26,15,14,0.0
29,15,13,0.0
31,14,12,0.0
34,14,11,0.0
37,19,10,0.0
40,24,10,0.0
43,30,9,0.0
44,28,8,0.0
44,26,7,0.0
45,25,6,0.0
44,23,6,0.0
43,21,7,0.0
42,19,7,0.0
39,15,8,0.0
36,11,10,0.0
33,8,11,0.0
33,9,11,0.0
32,10,11,0.0
31,11,11,0.0
31,12,11,0.0
30,13,11,0.0
30,14,11,0.0
29,12,12,0.0
28,11,12,0.0
27,10,13,0.0
30,12,12,0.0
33,13,11,0.0
35,14,10,0.0
38,12,9,0.0
41,10,8,0.0
44,8,7,0.0
44,11,7,0.0
44,15,6,0.0
44,19,6,0.0
43,19,6,0.0
42,18,7,0.0
41,18,7,0.0
39,16,8,0.0
37,15,10,0.0
35,13,11,0.0
34,14,10,0.0
33,15,10,0.0
33,17,9,0.0
32,16,9,0.0
31,16,9,0.0
31,16,8,0.0
30,13,9,0.0
28,11,10,0.0
27,8,10,0.0
30,10,10,0.0
32,12,10,0.0
34,14,10,0.0
37,16,9,0.0
39,18,8,0.0
42,20,7,0.0
42,22,7,0.0
42,23,7,0.0
42,25,7,0.0
40,23,7,0.0
39,22,6,0.0
37,20,5,0.0
35,17,6,0.0
33,14,6,0.0
31,10,6,0.0
30,11,6,0.0
29,11,6,0.0
28,11,6,0.0
27,11,6,0.0
26,10,6,0.0
26,10,6,0.0
25,9,7,0.0
24,9,7,0.0
23,9,7,0.0
26,10,7,0.0
29,11,6,0.0
32,12,5,0.0
35,13,4,0.0
37,13,3,0.0
40,13,3,0.0
41,14,3,0.0
41,14,2,0.0
42,15,2,0.0
41,15,3,0.0
39,15,3,0.0
38,14,3,0.0
35,13,4,0.0
32,11,4,0.0
29,9,5,0.0
29,10,6,0.0
28,10,6,0.0
27,10,6,0.0
27,11,7,0.0
26,11,7,0.0
26,11,8,0.0
25,10,9,0.0
24,10,10,0.0
23,9,11,0.0
27,8,10,0.0
30,8,9,0.0
33,7,8,0.0
36,8,7,0.0
38,9,5,0.0
41,10,4,0.0
41,14,4,0.0
41,18,4,0.0
42,22,4,0.0
41,21,4,0.0
40,19,5,0.0
39,18,5,0.0
36,15,6,0.0
34,12,7,0.0
31,10,8,0.0
30,10,9,0.0
29,10,9,0.0
28,10,10,0.0
27,9,10,0.0
27,9,10,0.0
26,9,11,0.0
25,8,11,0.0
24,7,11,0.0
23,6,12,0.0
27,6,10,0.0
30,6,9,0.0
34,6,7,0.0
36,8,7,0.0
39,9,6,0.0
41,11,6,0.0
42,12,5,0.0
42,12,5,0.0
42,12,5,0.0
41,12,5,0.0
41,12,6,0.0
40,12,6,0.0
37,12,7,0.0
35,11,8,0.0
32,10,9,0.0
31,11,8,0.0
31,12,8,0.0
30,13,8,0.0
29,12,8,0.0
28,11,8,0.0
27,10,8,0.0
26,10,8,0.0
25,10,8,0.0
24,10,9,0.0
28,10,7,0.0
31,11,6,0.0
35,11,5,0.0
37,12,5,0.0
39,13,4,0.0
41,14,3,0.0
42,16,3,0.0
42,18,3,0.0
42,19,3,0.0
41,18,3,0.0
40,17,3,0.0
40,16,4,0.0
37,14,4,0.0
34,12,5,0.0
31,10,5,0.0
30,10,6,0.0
29,11,6,0.0
28,11,6,0.0
28,11,7,0.0
27,11,8,0.0
27,11,9,0.0
26,11,9,0.0
25,11,10,0.0
25,11,11,0.0
28,12,10,0.0
31,13,9,0.0
34,13,8,0.0
36,15,7,0.0
39,17,6,0.0
42,19,6,0.0
43,20,5,0.0
43,21,5,0.0
44,22,5,0.0
43,19,5,0.0
42,16,5,0.0
41,14,5,0.0
39,12,6,0.0
36,11,7,0.0
33,9,8,0.0
32,10,9,0.0
31,11,9,0.0
31,12,9,0.0
30,11,9,0.0
29,10,10,0.0
28,9,10,0.0
28,10,11,0.0
27,10,11,0.0
27,11,12,0.0
30,11,11,0.0
33,10,10,0.0
36,10,9,0.0
38,15,8,0.0
41,20,8,0.0
44,24,7,0.0
44,24,7,0.0
45,23,6,0.0
45,22,6,0.0
44,19,6,0.0
44,16,7,0.0
43,13,7,0.0
40,11,8,0.0
37,9,10,0.0
34,6,11,0.0
33,5,12,0.0
31,3,13,0.0
30,2,14,0.0
30,4,14,0.0
29,5,14,0.0
29,6,14,0.0
28,5,15,0.0
27,4,16,0.0
26,3,17,0.0
30,3,15,0.0
33,4,13,0.0
37,4,10,0.0
40,6,9,0.0
43,9,8,0.0
46,11,6,0.0
46,14,6,0.0
46,16,6,0.0
46,19,6,0.0
46,19,6,0.0
45,20,7,0.0
44,20,7,0.0
41,17,9,0.0
39,14,10,0.0
36,11,11,0.0
35,10,12,0.0
34,10,13,0.0
33,9,13,0.0
32,9,14,0.0
31,9,15,0.0
30,8,15,0.0
30,9,16,0.0
29,9,16,0.0
29,10,16,0.0
32,10,14,0.0
35,11,12,0.0
38,11,10,0.0
40,11,9,0.0
43,12,8,0.0
45,12,7,0.0
46,14,6,0.0
46,16,6,0.0
46,18,6,0.0
46,16,6,0.0
45,15,6,0.0
44,13,6,0.0
41,12,7,0.0
38,10,8,0.0
36,9,9,0.0
34,9,10,0.0
33,9,10,0.0
32,9,11,0.0
32,9,11,0.0
31,9,12,0.0
30,9,12,0.0
30,9,13,0.0
30,10,14,0.0
29,11,15,0.0
32,10,13,0.0
35,10,11,0.0
37,9,10,0.0
40,10,8,0.0
43,11,7,0.0
45,12,6,0.0
46,13,5,0.0
46,15,5,0.0
47,17,5,0.0
46,15,5,0.0
45,14,5,0.0
44,13,6,0.0
41,11,7,0.0
38,10,8,0.0
35,8,9,0.0
34,8,9,0.0
33,9,10,0.0
32,9,10,0.0
31,8,10,0.0
30,7,11,0.0
30,6,11,0.0
28,5,12,0.0
27,4,13,0.0
26,3,14,0.0
30,3,12,0.0
33,4,11,0.0
36,5,9,0.0
39,5,8,0.0
42,4,6,0.0
46,4,5,0.0
46,7,6,0.0
45,10,6,0.0
45,12,7,0.0
44,14,7,0.0
44,15,8,0.0
43,16,8,0.0
41,14,9,0.0
38,11,10,0.0
36,9,11,0.0
35,9,12,0.0
34,10,12,0.0
33,10,13,0.0
32,11,13,0.0
31,11,14,0.0
30,11,14,0.0
29,9,14,0.0
28,8,15,0.0
27,6,16,0.0
30,8,16,0.0
32,10,17,0.0
35,12,18,0.0
38,10,15,0.0
41,7,12,0.0
45,4,9,0.0
45,6,9,0.0
45,7,9,0.0
45,9,9,0.0
44,11,9,0.0
43,13,9,0.0
42,15,9,0.0
40,14,11,0.0
38,12,12,0.0
35,10,14,0.0
34,11,17,0.0
34,12,21,0.0
33,13,25,0.0
32,12,27,0.0
31,12,30,0.0
30,11,33,0.0
30,9,34,0.0
29,8,35,0.0
29,6,36,0.0
31,8,32,0.0
34,10,27,0.0
36,12,23,0.0
39,9,19,0.0
43,6,15,0.0
46,3,11,0.0
46,4,11,0.0
46,4,11,0.0
45,5,10,0.0
44,5,11,0.0
43,5,11,0.0
42,5,11,0.0
40,7,13,0.0
38,8,14,0.0
36,10,16,0.0
35,10,17,0.0
34,10,18,0.0
33,10,19,0.0
32,9,21,0.0
31,9,22,0.0
31,8,23,0.0
30,8,24,0.0
30,8,25,0.0
29,9,25,0.0
31,8,23,0.0
34,8,20,0.0
36,8,18,0.0
38,8,15,0.0
41,7,13,0.0
43,7,10,0.0
44,8,10,0.0
44,8,9,0.0
44,9,9,0.0
44,11,9,0.0
43,13,8,0.0
43,16,8,0.0
40,14,9,0.0
38,12,11,0.0
36,10,12,0.0
35,9,13,0.0
34,8,14,0.0
33,8,15,0.0
32,8,15,0.0
32,9,16,0.0
32,9,17,0.0
31,10,19,0.0
30,10,21,0.0
30,11,23,0.0
32,11,21,0.0
34,11,20,0.0
37,11,18,0.0
39,12,15,0.0
40,13,13,0.0
42,15,11,0.0
42,17,10,0.0
43,19,10,0.0
43,21,10,0.0
42,21,9,0.0
41,21,9,0.0
40,21,8,0.0
38,17,9,0.0
36,14,9,0.0
34,10,10,0.0
33,11,11,0.0
32,11,11,0.0
31,12,12,0.0
30,11,13,0.0
29,11,14,0.0
29,11,15,0.0
28,11,16,0.0
28,10,17,0.0
27,10,18,0.0
30,11,16,0.0
33,12,14,0.0
35,13,13,0.0
37,17,11,0.0
39,21,10,0.0
41,26,9,0.0
41,25,8,0.0
41,24,8,0.0
42,23,7,0.0
41,22,8,0.0
41,21,8,0.0
40,21,9,0.0
38,17,10,0.0
36,13,12,0.0
33,9,13,0.0
32,8,14,0.0
31,8,15,0.0
30,7,16,0.0
29,6,17,0.0
28,4,18,0.0
27,3,19,0.0
27,4,19,0.0
27,5,19,0.0
26,6,20,0.0
30,6,17,0.0
33,6,14,0.0
36,6,12,0.0
38,10,11,0.0
40,15,10,0.0
42,19,10,0.0
43,19,9,0.0
43,19,8,0.0
43,20,8,0.0
42,20,8,0.0
42,21,8,0.0
41,21,8,0.0
38,17,10,0.0
36,13,11,0.0
34,9,13,0.0
32,8,14,0.0
31,7,15,0.0
30,6,15,0.0
29,7,16,0.0
29,7,16,0.0
28,7,17,0.0
27,6,18,0.0
26,5,19,0.0
25,4,21,0.0
29,4,17,0.0
33,5,14,0.0
37,6,11,0.0
39,11,10,0.0
41,16,9,0.0
44,21,7,0.0
44,21,7,0.0
44,21,7,0.0
45,22,7,0.0
44,21,8,0.0
43,20,8,0.0
43,20,8,0.0
40,15,10,0.0
37,10,12,0.0
34,5,13,0.0
33,5,14,0.0
33,5,15,0.0
32,5,15,0.0
32,5,15,0.0
32,6,15,0.0
32,7,15,0.0
30,6,16,0.0
29,6,17,0.0
28,5,19,0.0
31,5,16,0.0
35,6,13,0.0
38,6,11,0.0
40,9,9,0.0
42,11,8,0.0
44,14,7,0.0
44,13,7,0.0
45,13,8,0.0
45,12,8,0.0
44,13,8,0.0
43,14,9,0.0
42,14,10,0.0
40,12,12,0.0
38,10,13,0.0
36,8,15,0.0
36,11,17,0.0
35,13,19,0.0
34,15,21,0.0
32,17,28,0.0
31,18,34,0.3
29,19,41,0.4
28,16,42,0.2
28,12,43,0.0
28,9,45,0.0
29,9,42,0.0
29,9,40,0.0
30,9,37,0.0
33,11,31,0.0
36,12,25,0.0
39,14,19,0.0
40,11,17,0.0
41,9,16,0.0
43,6,14,0.0
41,7,16,0.0
40,7,18,0.0
38,8,20,0.0
37,7,22,0.0
36,6,24,0.0
34,4,26,0.0
34,9,29,0.0
33,13,32,0.0
32,18,34,0.0
31,19,38,0.0
31,21,43,0.0
30,22,47,0.0
29,20,50,0.0
28,17,52,0.0
28,15,55,0.0
29,15,51,0.0
30,15,48,0.0
32,15,44,0.0
34,14,39,0.0
36,12,33,0.0
38,11,28,0.0
37,13,28,0.0
36,15,29,0.0
36,16,30,0.0
36,15,30,0.0
36,13,30,0.0
36,12,30,0.0
35,13,32,0.0
34,14,35,0.0
33,14,37,0.0
32,15,39,0.0
32,15,41,0.0
31,15,42,0.0
30,16,45,0.0
30,17,49,0.0
29,18,52,0.0
28,16,55,0.0
28,14,59,0.0
27,12,62,0.0
29,12,57,0.0
30,12,51,0.0
32,12,46,0.0
35,9,37,0.0
38,6,29,0.0
42,3,21,0.0
41,5,20,0.0
41,7,19,0.0
40,10,18,0.0
40,9,18,0.0
39,9,18,0.0
39,8,19,0.0
37,11,22,0.0
36,13,25,0.0
34,16,28,0.0
33,16,30,0.0
32,16,33,0.0
31,16,35,0.0
31,16,38,0.0
30,15,40,0.0
30,15,42,0.0
29,14,44,0.0
29,13,46,0.0
28,12,47,0.0
30,13,43,0.0
32,14,39,0.0
33,14,36,0.0
36,12,30,0.0
39,10,24,0.0
41,8,19,0.0
42,8,17,0.0
43,8,16,0.0
43,8,15,0.0
43,7,15,0.0
42,7,15,0.0
41,6,15,0.0
39,9,18,0.0
38,11,20,0.0
36,14,23,0.0
35,14,25,0.0
34,15,28,0.0
33,16,30,0.0
33,17,32,0.0
32,18,35,0.0
32,19,37,0.0
31,17,39,0.0
30,16,41,0.0
30,15,43,0.0
31,16,40,0.0
33,17,37,0.0
35,18,34,0.0
37,16,30,0.0
39,15,25,0.0
42,14,20,0.0
42,12,19,0.0
43,11,17,0.0
44,10,16,0.0
43,10,16,0.0
43,10,16,0.0
42,10,17,0.0
40,12,20,0.0
39,14,23,0.0
37,16,26,0.0
36,15,28,0.0
35,15,31,0.0
34,15,33,0.0
33,18,37,0.0
32,21,40,0.0
31,24,43,0.0
31,21,46,0.0
30,18,48,0.0
29,15,50,0.0
31,17,47,0.0
32,18,43,0.0
34,19,39,0.0
36,18,34,0.0
38,18,29,0.0
40,17,24,0.0
41,15,23,0.0
42,13,22,0.0
43,10,20,0.0
43,11,21,0.0
42,11,22,0.0
41,11,22,0.0
40,15,25,0.0
38,18,28,0.0
37,22,31,0.0
35,21,33,0.0
34,21,35,0.0
33,21,36,0.0
32,20,37,0.0
31,19,37,0.0
31,18,37,0.0
30,16,39,0.0
30,14,41,0.0
29,12,42,0.0
31,14,39,0.0
33,15,37,0.0
34,17,34,0.0
37,17,30,0.0
39,16,27,0.0
41,15,24,0.0
42,14,22,0.0
43,12,20,0.0
43,11,19,0.0
43,11,19,0.0
42,12,19,0.0
42,12,19,0.0
40,13,22,0.0
38,14,24,0.0
37,14,26,0.0
36,14,28,0.0
35,14,30,0.0
34,14,32,0.0
33,13,34,0.0
33,12,36,0.0
32,12,38,0.0
32,10,40,0.0
31,9,43,0.0
31,8,45,0.0
33,9,41,0.0
35,9,37,0.0
37,10,33,0.0
40,9,27,0.0
43,8,21,0.0
46,6,16,0.0
46,8,15,0.0
46,9,14,0.0
46,11,13,0.0
45,10,13,0.0
44,10,14,0.0
43,9,14,0.0
42,10,16,0.0
40,10,19,0.0
38,10,21,0.0
37,10,24,0.0
36,10,27,0.0
35,10,30,0.0
35,12,33,0.0
34,14,36,0.0
34,16,40,0.0
33,14,43,0.0
33,12,46,0.0
32,10,49,0.0
34,10,46,0.0
36,11,43,0.0
37,11,40,0.0
40,11,33,0.0
43,11,26,0.0
46,11,18,0.0
45,9,18,0.0
45,6,17,0.0
45,4,16,0.0
44,5,17,0.0
44,6,17,0.0
43,7,18,0.0
42,8,20,0.0
40,9,22,0.0
39,9,24,0.0
38,10,27,0.0
37,10,30,0.0
36,11,33,0.0
36,11,35,0.0
35,12,37,0.0
35,13,39,0.0
34,11,40,0.0
34,10,41,0.0
33,9,42,0.0
35,10,38,0.0
37,10,33,0.0
39,11,29,0.0
41,9,26,0.0
43,7,22,0.0
44,5,19,0.0
44,5,18,0.0
44,5,18,0.0
44,5,17,0.0
44,6,17,0.0
44,6,17,0.0
44,7,16,0.0
42,9,19,0.0
41,12,21,0.0
39,14,23,0.0
38,13,26,0.0
37,13,28,0.0
36,12,31,0.0
36,12,33,0.0
35,11,35,0.0
34,10,37,0.0
34,10,40,0.0
33,10,42,0.0
33,9,44,0.0
35,11,40,0.0
36,12,36,0.0
38,14,32,0.0
40,14,28,0.0
42,13,24,0.0
44,13,20,0.0
44,11,19,0.0
45,9,18,0.0
45,7,17,0.0
44,8,18,0.0
44,9,18,0.0
43,10,18,0.0
42,11,19,0.0
40,11,21,0.0
38,12,23,0.0
37,14,25,0.0
37,16,27,0.0
36,18,29,0.0
35,17,32,0.0
34,15,35,0.0
33,14,38,0.0
33,16,41,0.0
32,18,45,0.0
31,20,48,0.0
33,18,46,0.0
34,17,43,0.0
35,15,41,0.0
38,12,33,0.0
42,8,26,0.0
45,5,18,0.0
45,5,16,0.0
46,6,14,0.0
47,6,13,0.0
45,7,13,0.0
44,8,14,0.0
43,9,14,0.0
42,10,16,0.0
40,11,18,0.0
39,12,20,0.0
38,12,22,0.0
37,13,24,0.0
37,13,26,0.0
36,14,30,0.0
35,15,34,0.0
35,17,38,0.0
34,15,40,0.0
33,13,43,0.0
32,11,46,0.0
33,13,42,0.0
34,15,38,0.0
35,17,34,0.0
38,15,29,0.0
40,14,25,0.0
43,13,21,0.0
43,12,19,0.0
44,10,17,0.0
45,9,15,0.0
44,11,16,0.0
42,13,16,0.0
41,16,17,0.0
40,16,20,0.0
39,16,24,0.0
37,16,27,0.0
36,15,28,0.0
36,13,30,0.0
35,12,31,0.0
34,13,33,0.0
33,14,35,0.0
33,15,37,0.0
32,13,41,0.0
31,11,46,0.0
31,9,51,0.0
32,8,50,0.0
33,7,49,0.3
34,6,49,0.4
36,9,42,0.2
38,11,36,0.0
40,13,29,0.0
41,12,26,0.0
42,11,22,0.0
43,10,19,0.0
42,10,19,0.0
42,10,20,0.0
41,10,20,0.0
40,10,22,0.0
38,10,24,0.0
37,10,26,0.0
36,10,28,0.0
35,9,30,0.0
35,9,32,0.0
34,9,34,0.0
34,10,36,0.0
33,11,38,0.0
32,10,39,0.0
32,10,40,0.0
31,10,42,0.0
33,10,38,0.0
35,10,34,0.0
36,10,31,0.0
38,9,29,0.0
39,8,27,0.0
40,8,25,0.0
40,8,24,0.0
41,8,23,0.0
41,9,22,0.0
40,9,22,0.0
40,9,23,0.0
39,10,23,0.0
38,12,26,0.0
36,15,29,0.0
34,18,32,0.0
33,16,36,0.0
32,13,39,0.0
31,11,43,0.0
30,10,45,0.0
30,8,47,0.0
29,7,49,0.0
28,6,51,0.0
28,5,53,0.0
27,4,55,0.0
30,5,48,0.0
32,6,42,0.0
34,8,36,0.0
37,5,29,0.0
41,3,22,0.0
44,0,14,0.0
43,4,14,0.0
43,8,14,0.0
42,12,14,0.0
42,12,14,0.0
42,12,14,0.0
41,13,14,0.0
39,11,15,0.0
37,9,16,0.0
35,8,18,0.0
34,7,20,0.0
33,7,21,0.0
32,6,23,0.0
31,7,24,0.0
31,8,25,0.0
31,8,25,0.0
30,7,30,0.0
29,6,35,0.0
28,5,40,0.0
30,7,38,0.0
33,9,35,0.0
35,11,33,0.0
38,9,26,0.0
41,7,19,0.0
44,5,11,0.0
44,7,11,0.0
45,8,10,0.0
45,9,10,0.0
44,8,10,0.0
43,6,10,0.0
42,5,10,0.0
40,7,11,0.0
38,9,13,0.0
36,12,14,0.0
35,12,16,0.0
34,12,17,0.0
33,12,19,0.0
33,13,20,0.0
32,14,22,0.0
32,15,24,0.0
31,12,27,0.0
30,10,31,0.0
29,7,34,0.0
31,7,34,0.0
32,6,34,0.0
34,6,34,0.0
37,6,27,0.0
41,7,20,0.0
44,7,14,0.0
44,8,13,0.0
45,10,12,0.0
45,11,11,0.0
44,8,12,0.0
44,6,12,0.0
43,3,12,0.0
41,8,15,0.0
40,12,19,0.0
38,17,22,0.0
37,18,25,0.0
36,19,29,0.0
35,21,32,0.0
35,20,33,0.0
34,19,34,0.0
34,18,35,0.0
33,16,36,0.0
32,15,38,0.0
31,13,39,0.0
32,14,39,0.0
32,15,39,0.0
32,16,39,0.0
35,13,32,0.0
39,10,26,0.0
42,6,19,0.0
43,7,18,0.0
44,7,16,0.0
44,7,14,0.0
43,6,14,0.0
42,6,14,0.0
41,6,14,0.0
39,7,16,0.0
38,8,17,0.0
37,9,18,0.0
36,10,20,0.0
36,10,21,0.0
35,10,23,0.0
34,12,27,0.0
34,14,30,0.0
33,17,34,0.0
32,14,37,0.0
31,12,41,0.0
31,9,45,0.0
32,10,42,0.0
33,12,39,0.0
35,13,36,0.0
37,10,30,0.0
40,7,24,0.0
43,4,19,0.0
42,5,19,0.0
41,6,19,0.0
41,6,19,0.0
40,6,19,0.0
39,5,20,0.0
37,4,20,0.0
37,7,22,0.0
36,10,24,0.0
35,13,25,0.0
34,9,27,0.0
33,5,30,0.0
32,1,32,0.0
32,2,32,0.0
31,3,33,0.0
31,4,34,0.0
30,4,35,0.0
30,5,36,0.0
29,5,37,0.0
31,6,33,0.0
34,6,30,0.0
36,6,27,0.0
37,5,26,0.0
38,5,24,0.0
39,4,23,0.0
39,6,23,0.0
39,7,23,0.0
39,9,23,0.0
38,9,22,0.0
38,9,22,0.0
37,9,22,0.0
36,8,25,0.0
35,8,28,0.0
33,7,31,0.0
32,6,33,0.0
32,6,35,0.0
31,5,36,0.0
30,5,37,0.0
30,6,38,0.0
30,6,39,0.0
29,7,40,0.0
29,8,41,0.0
28,9,42,0.0
31,7,39,0.0
34,5,35,0.0
36,3,31,0.0
38,4,27,0.0
39,5,24,0.0
41,6,20,0.0
42,9,19,0.0
42,12,17,0.0
43,15,16,0.0
42,17,16,0.0
41,19,17,0.0
41,21,17,0.0
39,17,20,0.0
37,12,24,0.0
36,8,27,0.0
35,7,28,0.0
34,7,30,0.0
33,6,31,0.0
33,5,32,0.0
32,5,33,0.0
32,4,34,0.0
31,4,36,0.0
31,4,38,0.0
30,4,40,0.0
32,6,35,0.0
35,9,29,0.0
38,11,23,0.0
39,12,21,0.0
41,12,18,0.0
42,13,15,0.0
42,14,16,0.0
42,15,16,0.0
42,15,17,0.0
42,15,17,0.0
41,14,16,0.0
41,13,16,0.0
40,10,18,0.0
38,8,20,0.0
37,5,22,0.0
36,6,22,0.0
36,6,23,0.0
36,6,24,0.0
36,7,25,0.0
36,7,25,0.0
35,8,26,0.0
35,12,27,0.0
34,17,28,0.0
34,21,30,0.0
36,22,29,0.0
37,22,27,0.0
39,23,26,0.0
41,20,23,0.0
42,17,20,0.0
44,14,18,0.0
44,15,17,0.0
45,15,16,0.0
45,16,15,0.0
44,15,16,0.0
43,14,17,0.0
42,13,18,0.0
41,11,19,0.0
40,8,20,0.0
39,6,22,0.0
38,6,23,0.0
37,6,25,0.0
36,6,26,0.0
35,7,27,0.0
35,7,28,0.0
34,8,29,0.0
33,9,29,0.0
33,9,30,0.0
32,10,30,0.0
35,12,27,0.0
37,13,24,0.0
39,15,21,0.0
41,17,18,0.0
43,19,16,0.0
45,21,14,0.0
45,21,13,0.0
46,20,13,0.0
46,20,13,0.0
46,18,13,0.0
45,17,13,0.0
44,15,13,0.0
42,12,15,0.0
40,9,17,0.0
38,6,18,0.0
37,6,19,0.0
36,5,20,0.0
35,5,21,0.0
34,5,22,0.0
34,5,23,0.0
33,4,24,0.0
32,4,27,0.0
32,3,30,0.0
31,2,33,0.0
33,3,30,0.0
35,4,28,0.0
37,5,26,0.0
40,6,22,0.0
42,6,19,0.0
44,7,15,0.0
45,8,14,0.0
45,8,14,0.0
45,9,13,0.0
44,11,14,0.0
44,12,14,0.0
43,14,15,0.0
41,12,17,0.0
40,10,19,0.0
38,8,21,0.0
37,7,22,0.0
37,7,24,0.0
36,6,25,0.0
36,7,26,0.0
36,8,26,0.0
36,9,27,0.0
35,9,29,0.0
35,8,30,0.0
34,7,31,0.0
36,6,29,0.0
38,5,27,0.0
39,4,25,0.0
41,4,22,0.0
43,4,19,0.0
45,3,16,0.0
45,3,16,0.0
45,3,16,0.0
45,4,15,0.0
44,3,15,0.0
43,3,14,0.0
43,2,13,0.0
41,2,16,0.0
38,2,18,0.0
36,2,20,0.0
35,3,21,0.0
34,4,21,0.0
33,6,22,0.0
33,6,23,0.0
32,7,24,0.0
32,8,25,0.0
32,11,25,0.0
31,15,25,0.0
31,18,25,0.0
33,15,21,0.0
36,12,17,0.0
38,9,14,0.0
41,8,12,0.0
43,6,11,0.0
45,4,9,0.0
45,8,9,0.0
45,12,8,0.0
46,16,8,0.0
45,14,8,0.0
44,12,8,0.0
44,10,8,0.0
42,10,8,0.0
40,9,9,0.0
37,8,9,0.0
36,8,9,0.0
35,9,9,0.0
33,9,10,0.0
32,8,10,0.0
31,7,10,0.0
30,6,11,0.0
30,9,11,0.0
30,11,11,0.0
29,14,11,0.0
32,12,9,0.0
35,11,8,0.0
38,9,7,0.0
40,12,6,0.0
42,16,6,0.0
44,19,5,0.0
45,19,5,0.0
45,19,5,0.0
46,19,4,0.0
45,19,4,0.0
44,20,4,0.0
43,21,4,0.0
40,16,5,0.0
38,12,5,0.0
35,8,6,0.0
34,8,6,0.0
33,8,7,0.0
32,8,7,0.0
31,9,8,0.0
31,9,8,0.0
30,9,9,0.0
30,10,11,0.0
30,10,13,0.0
29,11,15,0.0
32,12,13,0.0
35,14,10,0.0
38,15,7,0.0
41,13,6,0.0
43,12,5,0.0
45,11,4,0.0
45,14,4,0.0
46,18,5,0.0
46,21,5,0.0
45,17,5,0.0
44,13,6,0.0
44,9,6,0.0
41,8,8,0.0
39,8,9,0.0
36,8,10,0.0
36,8,10,0.0
36,9,10,0.0
35,9,10,0.0
34,8,10,0.0
33,7,11,0.0
32,6,11,0.0
32,6,11,0.0
31,6,12,0.0
31,5,13,0.0
33,5,12,0.0
36,5,10,0.0
39,5,9,0.0
41,7,9,0.0
43,9,8,0.0
45,12,7,0.0
46,13,8,0.0
46,15,8,0.0
46,16,8,0.0
45,15,8,0.0
44,14,9,0.0
44,14,9,0.0
42,14,11,0.0
40,13,13,0.0
38,13,15,0.0
37,12,16,0.0
37,10,17,0.0
36,9,18,0.0
36,10,18,0.0
36,10,19,0.0
35,11,20,0.0
35,10,20,0.0
35,9,20,0.0
34,9,21,0.0
35,7,19,0.0
36,6,18,0.0
37,4,16,0.0
40,5,13,0.0
43,6,10,0.0
46,7,7,0.0
46,8,7,0.0
46,10,7,0.0
46,11,6,0.0
45,13,6,0.0
44,15,7,0.0
43,16,7,0.0
41,14,8,0.0
39,12,9,0.0
37,9,10,0.0
36,8,11,0.0
35,7,12,0.0
34,6,13,0.0
33,6,14,0.0
32,6,15,0.0
31,6,16,0.0
31,5,17,0.0
30,4,18,0.0
29,3,19,0.0
32,4,17,0.0
36,5,15,0.0
39,5,13,0.0
41,6,11,0.0
43,6,10,0.0
45,7,9,0.0
45,8,9,0.0
45,9,9,0.0
44,10,9,0.0
44,12,9,0.0
44,14,9,0.0
44,16,9,0.0
42,13,11,0.0
40,11,12,0.0
38,9,13,0.0
37,8,14,0.0
36,8,14,0.0
35,8,15,0.0
34,8,16,0.0
33,8,17,0.0
33,8,18,0.0
32,7,19,0.0
32,7,20,0.0
32,6,21,0.0
34,7,20,0.0
36,8,18,0.0
38,9,16,0.0
41,9,14,0.0
43,10,12,0.0
45,10,10,0.0
45,10,10,0.0
45,10,10,0.0
45,10,10,0.0
45,10,10,0.0
44,10,10,0.0
43,10,10,0.0
42,10,11,0.0
41,9,12,0.0
40,9,13,0.0
39,9,14,0.0
38,9,14,0.0
38,9,15,0.0
37,9,16,0.0
36,9,17,0.0
35,9,17,0.0
35,8,20,0.0
34,7,22,0.0
33,6,24,0.0
35,5,23,0.0
37,4,22,0.0
40,4,21,0.0
42,4,18,0.0
44,5,15,0.0
46,6,12,0.0
45,8,12,0.0
45,9,12,0.0
44,11,12,0.0
44,12,12,0.0
43,12,12,0.0
43,12,12,0.0
41,11,13,0.0
40,9,14,0.0
38,8,15,0.0
37,8,15,0.0
37,9,16,0.0
37,9,17,0.0
36,10,17,0.0
36,11,18,0.0
35,11,19,0.0
34,10,21,0.0
33,9,23,0.0
32,8,24,0.0
34,8,21,0.0
36,8,18,0.0
39,8,14,0.0
41,8,12,0.0
42,9,11,0.0
44,10,9,0.0
45,11,9,0.0
45,12,8,0.0
45,13,8,0.0
45,14,8,0.0
44,14,9,0.0
43,14,9,0.0
41,12,10,0.0
39,10,12,0.0
37,9,13,0.0
36,8,14,0.0
35,8,15,0.0
34,8,16,0.0
33,8,17,0.0
32,8,18,0.0
32,8,19,0.0
31,8,19,0.0
31,9,19,0.0
31,9,20,0.0
34,11,18,0.0
36,12,16,0.0
39,14,14,0.0
40,16,13,0.0
42,18,12,0.0
43,20,11,0.0
43,20,11,0.0
43,19,11,0.0
44,19,11,0.0
43,19,11,0.0
43,19,11,0.0
42,19,11,0.0
41,17,12,0.0
39,14,13,0.0
37,12,14,0.0
36,12,15,0.0
35,12,16,0.0
34,12,16,0.0
34,11,17,0.0
33,10,18,0.0
32,9,19,0.0
31,9,21,0.0
30,8,22,0.0
29,8,23,0.0
32,10,21,0.0
34,11,18,0.0
37,13,16,0.0
39,14,15,0.0
40,15,13,0.0
42,15,12,0.0
42,16,11,0.0
43,17,11,0.0
43,18,11,0.0
43,19,11,0.0
42,19,11,0.0
42,20,12,0.0
40,17,13,0.0
38,13,14,0.0
36,10,16,0.0
35,9,17,0.0
34,9,18,0.0
33,8,19,0.0
32,8,19,0.0
32,8,20,0.0
31,9,21,0.0
31,9,22,0.0
30,9,23,0.0
30,9,24,0.0
33,10,22,0.0
35,12,19,0.0
38,14,17,0.0
40,14,15,0.0
42,14,13,0.0
43,14,10,0.0
44,15,10,0.0
44,16,10,0.0
44,18,10,0.0
44,17,10,0.0
43,17,10,0.0
42,16,10,0.0
40,14,12,0.0
38,11,14,0.0
36,8,16,0.0
35,8,17,0.0
34,9,18,0.0
34,9,19,0.0
33,8,20,0.0
33,8,21,0.0
32,8,22,0.0
31,8,22,0.0
31,8,23,0.0
30,8,24,0.0
33,9,21,0.0
36,9,18,0.0
38,10,16,0.0
40,11,14,0.0
42,13,13,0.0
44,15,12,0.0
44,15,11,0.0
45,15,10,0.0
45,16,10,0.0
45,16,10,0.0
44,16,10,0.0
43,16,9,0.0
41,13,11,0.0
38,10,12,0.0
36,6,14,0.0
35,7,14,0.0
34,7,15,0.0
33,7,16,0.0
33,7,16,0.0
32,7,17,0.0
31,7,17,0.0
31,9,18,0.0
31,11,19,0.0
30,14,20,0.0
33,14,18,0.0
36,13,16,0.0
38,13,14,0.0
40,12,12,0.0
42,10,11,0.0
44,9,9,0.0
44,11,9,0.0
45,13,8,0.0
45,15,8,0.0
45,16,8,0.0
44,17,8,0.0
43,17,8,0.0
41,14,10,0.0
38,11,11,0.0
36,8,13,0.0
35,8,14,0.0
34,7,14,0.0
33,7,15,0.0
32,5,16,0.0
31,3,17,0.0
30,2,19,0.0
30,7,18,0.0
30,11,17,0.0
31,16,16,0.0
33,15,14,0.0
36,14,12,0.0
38,13,10,0.0
41,13,9,0.0
43,13,8,0.0
45,13,7,0.0
45,15,6,0.0
46,17,6,0.0
46,20,6,0.0
45,20,6,0.0
45,20,6,0.0
44,20,6,0.0
41,16,7,0.0
38,12,8,0.0
36,8,9,0.0
34,6,10,0.0
33,5,11,0.0
32,4,12,0.0
31,6,12,0.0
31,7,13,0.0
31,8,13,0.0
30,7,14,0.0
29,6,15,0.0
28,6,16,0.0
32,7,14,0.0
35,8,11,0.0
38,10,9,0.0
41,13,8,0.0
43,16,7,0.0
46,20,7,0.0
46,20,6,0.0
47,19,6,0.0
47,19,6,0.0
46,18,7,0.0
46,17,7,0.0
45,15,8,0.0
42,13,9,0.0
39,10,10,0.0
37,7,12,0.0
36,7,12,0.0
35,8,12,0.0
34,8,13,0.0
33,8,13,0.0
33,8,13,0.0
32,8,14,0.0
32,9,15,0.0
31,11,16,0.0
31,13,17,0.0
34,10,16,0.0
36,8,14,0.0
39,6,13,0.0
41,8,11,0.0
43,10,10,0.0
46,12,8,0.0
46,13,8,0.0
47,14,7,0.0
47,15,7,0.0
46,15,7,0.0
46,15,8,0.0
45,15,8,0.0
43,13,9,0.0
40,10,10,0.0
38,7,11,0.0
36,6,12,0.0
35,5,13,0.0
34,4,14,0.0
33,4,16,0.0
33,5,18,0.0
32,5,19,0.0
32,5,23,0.0
31,5,27,0.0
31,5,31,0.0
33,6,28,0.0
36,7,24,0.0
39,8,21,0.0
41,9,17,0.0
44,11,13,0.0
46,13,9,0.0
46,12,9,0.0
46,12,9,0.0
47,12,9,0.0
46,12,9,0.0
46,11,9,0.0
45,11,9,0.0
42,8,11,0.0
40,6,13,0.0
37,3,14,0.0
37,4,16,0.0
37,5,17,0.0
37,6,19,0.0
36,7,22,0.0
36,7,25,0.0
35,8,28,0.0
35,8,29,0.0
34,9,31,0.0
34,9,33,0.0
36,8,30,0.0
38,6,28,0.0
40,5,25,0.0
43,5,22,0.0
45,6,18,0.0
48,6,14,0.0
48,6,14,0.0
48,7,13,0.0
48,7,12,0.0
47,8,13,0.0
46,8,13,0.0
45,9,14,0.0
44,9,16,0.0
42,9,18,0.0
40,9,20,0.0
39,10,22,0.0
39,11,25,0.0
38,12,27,0.0
37,12,30,0.0
37,12,32,0.0
36,12,35,0.0
35,10,37,0.0
35,8,39,0.0
34,7,40,0.0
36,7,37,0.0
38,8,33,0.0
40,9,29,0.0
42,8,27,0.0
43,7,24,0.0
45,6,22,0.0
45,7,21,0.0
46,8,20,0.0
46,9,19,0.0
45,8,20,0.0
44,7,20,0.0
44,6,21,0.0
42,9,23,0.0
41,11,26,0.0
40,13,28,0.0
39,12,30,0.0
38,11,31,0.0
38,10,33,0.0
37,10,34,0.0
36,10,35,0.0
36,10,36,0.0
35,9,37,0.0
35,9,38,0.0
34,9,38,0.0
36,11,35,0.0
38,13,32,0.0
40,15,28,0.0
42,13,26,0.0
43,10,23,0.0
45,8,20,0.0
46,8,20,0.0
46,8,20,0.0
46,9,19,0.0
45,9,21,0.0
44,9,22,0.0
42,9,23,0.0
42,10,25,0.0
41,12,26,0.0
40,13,28,0.0
40,15,29,0.0
39,17,31,0.0
38,18,32,0.0
38,19,34,0.0
37,19,35,0.0
37,19,37,0.0
36,17,38,0.0
36,15,39,0.0
35,14,41,0.0
36,13,39,0.0
37,13,38,0.0
38,13,36,0.0
40,11,32,0.0
42,8,28,0.0
44,6,24,0.0
44,6,24,0.0
43,5,24,0.0
43,5,24,0.0
42,4,25,0.0
42,4,26,0.0
41,4,27,0.0
40,6,29,0.0
39,7,31,0.0
39,9,33,0.0
38,10,36,0.0
37,12,40,0.0
36,13,43,0.0
35,12,45,0.0
34,12,48,0.0
34,11,50,0.0
33,9,51,0.0
33,6,52,0.0
33,4,53,0.0
34,7,50,0.0
35,9,47,0.0
36,12,44,0.0
38,10,39,0.0
39,8,35,0.0
41,6,30,0.0
42,7,29,0.0
42,7,28,0.0
43,8,27,0.0
42,9,28,0.0
41,11,29,0.0
40,12,29,0.0
39,13,33,0.0
37,15,37,0.0
36,16,41,0.0
35,15,44,0.0
34,14,47,0.0
33,13,51,0.0
33,12,53,0.0
32,12,55,0.0
32,12,57,0.0
31,10,58,0.0
31,9,59,0.0
31,7,60,0.0
32,7,58,0.0
32,8,56,0.0
33,8,54,0.0
37,6,44,0.0
41,4,34,0.0
44,2,24,0.0
43,4,25,0.0
42,7,26,0.0
41,9,27,0.0
41,9,27,0.0
41,10,26,0.0
41,10,26,0.0
40,11,28,0.0
39,11,30,0.0
37,12,32,0.0
37,13,34,0.0
37,14,36,0.0
36,14,38,0.0
36,15,38,0.0
36,16,39,0.0
35,17,39,0.0
35,16,41,0.0
34,15,43,0.0
34,14,45,0.0
35,15,43,0.0
36,16,41,0.0
36,17,38,0.0
39,14,34,0.0
41,11,30,0.0
43,8,26,0.0
42,9,26,0.0
41,9,26,0.0
41,9,27,0.0
41,9,27,0.0
40,8,27,0.0
40,8,28,0.0
39,10,30,0.0
38,12,33,0.0
38,14,35,0.0
37,14,37,0.0
36,14,39,0.0
36,14,41,0.0
35,15,42,0.0
35,16,44,0.0
34,17,46,0.0
34,16,46,0.0
33,15,46,0.0
33,14,46,0.0
34,14,42,0.0
36,15,38,0.0
38,15,34,0.0
39,13,31,0.0
40,10,27,0.0
41,8,24,0.0
41,9,25,0.0
40,9,26,0.0
40,10,26,0.1
40,10,26,0.0
40,11,26,0.0
40,11,25,0.0
39,10,26,0.0
38,9,27,0.0
37,9,28,0.0
37,8,30,0.0
36,8,32,0.0
35,8,33,0.0
35,9,37,0.0
34,10,40,0.0
34,12,43,0.0
33,12,45,0.0
33,11,48,0.0
32,11,51,0.0
34,10,45,0.0
36,9,39,0.0
37,9,33,0.0
39,6,29,0.0
41,4,25,0.0
43,2,21,0.0
43,3,21,0.0
43,3,21,0.0
44,4,21,0.0
43,4,21,0.0
42,5,22,0.0
41,5,23,0.0
40,6,24,0.0
39,6,26,0.0
38,6,27,0.0
37,11,33,0.0
35,15,39,0.0
33,19,45,0.0
32,17,49,0.0
31,14,53,0.5
30,12,57,0.6
30,10,58,0.3
30,9,59,0.0
30,7,60,0.0
31,7,57,0.0
32,8,53,0.0
33,8,50,0.0
35,6,44,0.0
38,4,37,0.0
40,2,31,0.0
41,4,30,0.0
41,6,29,0.0
41,9,28,0.0
40,9,30,0.0
39,9,32,0.0
38,9,33,0.0
37,10,37,0.0
36,11,42,0.0
35,12,46,0.0
34,12,49,0.0
33,12,52,0.0
33,13,56,0.0
32,13,57,0.0
32,13,59,0.0
31,13,60,0.0
31,11,60,0.0
31,9,60,0.0
31,7,60,0.0
32,6,57,0.0
33,5,53,0.0
34,5,49,0.0
37,4,41,0.0
40,3,33,0.0
43,3,26,0.0
42,4,26,0.0
42,5,26,0.0
42,6,26,0.0
41,8,27,0.0
40,9,28,0.0
40,10,29,0.0
39,10,31,0.0
38,10,33,0.0
36,10,36,0.0
36,9,37,0.0
35,7,39,0.0
34,5,41,0.0
34,6,42,0.0
33,6,43,0.0
33,6,44,0.0
33,6,46,0.0
32,5,47,0.0
32,4,49,0.0
33,6,46,0.0
35,7,43,0.0
36,8,41,0.0
38,8,36,0.0
40,7,32,0.0
42,6,28,0.0
42,7,27,0.0
42,8,27,0.0
42,8,27,0.0
41,9,27,0.0
41,9,28,0.0
40,10,29,0.0
39,10,31,0.0
38,10,34,0.0
37,9,36,0.0
37,9,37,0.0
36,10,39,0.0
35,10,41,0.0
35,11,43,0.0
34,12,46,0.0
34,13,49,0.0
33,12,52,0.0
33,10,55,0.0
32,8,58,0.0
32,8,59,0.0
32,8,60,0.0
32,8,61,0.0
34,8,53,0.0
37,7,45,0.0
39,6,38,0.0
39,7,36,0.0
40,8,34,0.0
40,9,32,0.0
40,9,33,0.0
39,10,34,0.0
39,11,36,0.0
38,11,39,0.0
37,12,42,0.0
36,12,46,0.0
35,12,48,0.0
35,12,50,0.0
34,12,52,0.0
34,13,54,0.0
33,14,56,0.0
33,15,58,0.0
32,14,60,0.0
32,13,62,0.0
31,11,64,0.0
31,11,65,0.0
31,11,66,0.0
31,11,67,0.0
33,12,59,0.0
35,14,50,0.0
38,16,41,0.0
38,17,40,0.0
38,18,39,0.0
38,19,38,0.0
38,17,39,0.0
37,16,40,0.0
37,15,41,0.0
36,15,44,0.0
35,15,46,0.0
34,15,49,0.0
34,15,52,0.0
33,15,54,0.0
32,14,57,0.0
32,15,59,0.0
31,15,62,0.0
31,15,64,0.0
30,14,66,0.0
30,14,68,0.0
30,14,69,0.0
31,15,66,0.0
32,17,62,0.0
33,19,58,0.0
34,18,55,0.0
35,18,52,0.0
36,18,48,0.0
36,17,49,0.0
36,16,50,0.8
36,15,51,1.0
35,15,52,0.5
35,15,53,0.0
35,15,54,0.0
34,13,58,0.0
33,10,61,0.0
32,8,65,0.0
31,8,68,0.0
31,8,71,0.0
30,8,74,0.0
30,9,77,0.0
29,10,79,1.3
29,12,82,1.7
29,12,83,0.9
28,12,84,0.0
28,12,85,0.0
29,14,80,0.0
30,15,74,0.0
31,17,69,0.0
32,16,65,0.0
33,15,60,0.0
34,15,55,0.0
35,15,53,0.0
36,14,51,0.4
36,14,49,0.5
36,13,50,0.3
35,12,51,0.0
35,12,52,0.0
34,10,56,0.0
33,9,61,0.0
32,8,65,0.0
31,8,68,0.0
31,8,70,0.0
30,8,73,0.0
30,7,74,0.0
30,6,75,0.0
30,5,76,0.0
30,6,78,0.0
29,6,79,0.0
29,6,80,0.0
30,8,75,0.0
31,10,69,0.0
32,12,64,0.0
34,10,59,0.0
35,9,54,0.0
36,8,48,0.0
37,8,46,0.0
38,8,44,0.0
38,9,42,0.0
37,9,43,0.0
37,9,45,0.0
36,9,46,0.0
35,9,52,0.0
34,8,58,0.0
32,8,64,0.0
32,8,67,0.0
31,8,70,0.0
31,8,73,0.0
30,7,74,0.0
30,7,76,0.1
30,6,78,0.1
30,4,79,0.1
30,3,80,0.0
29,2,81,0.0
31,2,72,0.0
33,1,64,0.0
35,1,55,0.0
36,2,51,0.0
38,2,47,0.0
39,3,43,0.0
39,4,43,0.0
39,4,43,0.0
38,5,43,0.0
38,4,46,0.0
37,2,48,0.0
36,1,51,0.0
35,4,55,0.0
34,7,58,0.0
34,10,62,0.0
33,10,66,0.0
32,10,70,0.0
31,10,75,0.0
31,9,76,0.0
31,9,78,0.3
30,8,80,0.4
30,7,82,0.2
30,6,83,0.3
29,5,85,0.3
29,5,86,0.2
29,5,86,1.5
29,5,87,2.0
29,6,85,1.0
29,6,83,0.0
30,6,81,0.0
30,7,79,0.0
30,9,77,0.2
31,10,76,0.2
30,9,78,0.1
30,8,80,0.0
30,6,83,0.0
30,6,83,0.0
29,6,83,0.0
29,5,83,0.0
29,6,83,0.0
29,6,83,0.0
29,7,83,0.0
29,6,84,0.0
29,5,84,0.2
29,4,84,0.2
29,5,85,0.1
29,6,85,0.0
29,7,86,0.0
30,6,80,0.0
32,6,75,0.0
33,5,69,0.0
34,6,64,0.0
35,7,58,0.0
36,8,53,0.0
37,7,51,0.0
38,5,48,0.0
39,4,46,0.0
38,4,49,0.0
37,5,53,0.0
35,5,56,0.0
34,6,61,0.0
33,7,66,1.1
32,8,71,1.5
32,9,72,0.7
31,10,74,0.0
31,11,75,0.0
30,11,77,0.0
30,12,80,0.6
30,12,82,0.8
29,12,84,0.4
29,12,85,0.0
29,12,87,0.0
30,12,82,0.0
31,12,77,0.3
32,13,73,0.4
33,11,65,0.2
35,10,58,0.0
37,9,50,0.0
37,10,48,0.0
38,12,46,0.0
38,13,43,0.0
37,15,49,0.0
35,17,55,0.0
33,19,61,0.0
32,19,66,0.0
31,19,71,0.0
30,19,76,0.0
29,17,76,0.0
29,15,77,0.0
29,13,77,0.0
29,13,78,0.0
29,13,78,0.0
29,13,79,0.0
28,12,79,0.0
28,12,80,0.0
28,11,80,0.0
29,13,77,0.0
30,16,73,0.0
31,18,69,0.0
32,19,66,0.0
32,19,63,0.0
33,20,59,0.0
34,20,58,0.0
34,21,56,0.1
35,21,55,0.2
34,19,55,0.1
34,17,56,0.0
34,15,57,0.0
33,14,62,0.0
32,12,67,0.0
31,10,72,0.0
30,11,73,0.0
30,11,75,0.0
29,12,77,0.0
29,12,77,0.0
29,12,78,0.0
29,12,78,0.0
29,12,80,0.0
28,12,81,0.0
28,11,82,0.0
29,15,77,0.0
30,18,72,0.0
31,22,68,0.0
33,21,64,0.0
34,21,59,0.0
35,20,55,0.0
35,18,55,0.0
35,16,55,1.5
35,13,55,2.1
35,12,59,1.0
34,11,63,0.0
33,10,66,0.0
32,11,71,0.0
31,11,76,0.0
30,11,81,0.0
30,10,83,0.0
29,9,84,0.0
29,9,86,0.0
29,9,87,0.0
28,9,88,0.0
28,9,89,0.0
28,7,89,0.0
28,6,90,0.0
28,4,91,0.0
29,5,86,0.0
30,5,80,0.0
31,6,75,0.0
32,5,69,0.0
34,4,63,0.0
36,3,58,0.0
35,3,58,0.0
35,4,59,2.2
35,4,60,3.0
35,5,61,1.5
34,6,62,0.0
33,6,64,0.0
33,6,68,0.0
32,6,73,0.0
31,5,77,0.0
31,5,79,0.0
30,5,80,0.0
30,4,82,0.0
30,3,83,0.0
29,3,84,0.0
29,2,85,0.0
29,2,86,0.0
29,2,87,0.0
29,3,89,0.0
29,3,84,0.0
30,4,80,0.0
31,5,76,0.0
32,6,72,0.0
33,6,68,0.0
34,6,64,0.0
34,8,64,0.0
34,9,63,0.0
34,10,63,0.0
34,9,66,0.0
33,9,68,0.0
33,8,71,0.0
32,8,74,0.0
31,7,76,0.0
31,7,79,0.0
30,7,79,0.0
30,8,80,0.0
30,8,81,0.0
29,9,82,0.0
29,9,83,0.0
29,9,84,0.0
29,8,85,0.0
29,7,85,0.0
29,6,86,0.0
29,7,85,0.0
29,7,84,0.8
30,8,82,1.0
31,8,76,0.5
33,9,71,0.0
34,9,65,0.0
33,7,67,0.0
33,5,69,1.3
32,4,71,1.7
32,4,75,0.9
31,5,79,0.0
30,5,82,0.0
30,6,85,0.0
29,7,87,1.7
29,7,90,2.2
28,9,90,1.1
28,10,91,0.0
28,12,92,0.0
28,11,92,0.0
28,11,92,0.0
28,11,92,0.0
28,10,93,0.0
28,10,94,0.0
28,9,94,0.0
29,9,88,0.0
30,10,82,0.0
32,10,76,0.0
33,14,69,0.0
34,17,63,0.0
35,20,57,0.0
35,20,55,0.0
36,19,54,0.0
36,18,52,0.0
35,16,56,0.0
34,13,59,0.0
34,10,62,0.0
33,10,67,0.0
32,9,72,0.0
31,9,76,0.0
30,10,79,0.0
30,11,81,0.0
29,13,84,0.0
29,13,84,0.0
28,14,85,0.0
28,14,86,0.0
28,12,88,0.0
28,9,89,0.0
28,7,91,0.0
29,10,85,0.0
30,12,79,0.0
31,15,72,0.0
32,16,70,0.0
33,18,67,0.0
33,19,64,0.0
33,20,66,0.0
33,20,67,1.5
33,21,69,2.1
32,20,72,1.0
31,19,75,0.0
30,18,78,0.0
29,17,81,0.0
29,17,84,0.6
28,16,87,0.8
28,16,88,0.4
27,16,88,0.0
27,16,89,0.0
27,16,89,0.0
27,15,89,0.0
27,15,90,0.0
27,14,91,0.0
27,13,92,0.0
27,12,93,0.0
27,13,88,0.0
28,15,84,0.6
29,16,80,0.9
30,16,75,0.4
31,17,70,0.0
32,17,65,0.0
32,16,64,0.0
33,16,62,0.0
33,15,60,0.0
32,15,62,0.0
32,14,63,0.0
32,14,64,0.0
30,13,69,0.0
29,12,74,0.0
28,12,79,0.1
28,11,80,0.0
27,11,82,0.0
27,10,83,0.0
27,10,84,0.0
26,10,85,0.0
26,9,85,0.0
26,10,87,0.0
26,11,88,0.0
26,12,90,0.0
27,12,85,0.0
29,13,80,0.0
30,13,75,0.0
31,13,70,0.0
32,13,66,0.0
33,14,61,0.0
34,14,59,0.0
34,14,56,0.0
35,14,54,0.0
34,11,54,0.0
34,9,55,0.0
34,6,55,0.0
33,7,61,0.0
31,8,67,0.1
30,9,73,0.1
29,9,76,0.1
29,9,78,0.0
28,9,81,0.0
28,8,81,0.0
28,7,82,0.0
28,6,83,0.0
27,7,83,0.0
27,7,83,0.0
27,8,84,0.0
28,9,80,0.0
29,11,76,0.0
30,12,72,0.0
31,13,69,0.0
31,13,66,0.0
32,13,64,0.0
32,12,63,0.0
33,11,62,0.0
33,10,61,0.0
33,11,62,0.0
33,12,63,0.0
34,14,64,0.0
33,13,68,0.0
32,12,72,0.0
31,11,76,0.0
30,11,77,0.0
30,11,79,0.0
29,10,80,0.0
29,11,80,0.0
29,11,80,0.0
29,11,80,0.0
29,11,81,0.0
28,11,81,0.0
28,12,82,0.0
29,12,80,0.0
29,13,77,0.0
30,14,75,0.0
31,14,72,0.0
32,14,68,0.0
33,14,65,0.0
34,15,63,0.0
34,15,61,0.5
35,16,59,0.6
35,14,60,0.3
34,12,62,0.0
34,10,64,0.0
33,10,70,0.0
32,10,76,0.0
30,10,82,0.0
30,11,83,0.0
30,12,85,0.0
29,13,87,0.0
29,13,88,0.0
29,14,89,0.0
28,14,89,0.0
28,14,90,0.0
28,14,91,0.0
28,14,92,0.0
28,12,90,0.0
29,11,88,0.0
30,9,85,0.0
30,11,85,0.0
30,13,84,0.0
30,15,83,0.0
30,14,83,0.0
29,13,83,0.0
29,12,83,0.0
29,11,84,0.0
29,11,84,0.0
29,11,84,0.0
29,12,86,0.0
28,12,88,0.0
28,13,89,0.0
28,13,89,0.0
27,12,89,0.0
27,12,89,0.0
27,14,89,0.0
27,15,90,0.0
26,16,90,0.0
26,17,91,0.0
26,18,91,0.0
26,19,91,0.0
26,18,90,0.0
27,17,88,0.0
27,16,86,0.0
27,15,86,0.0
